t,send_ms,read_ms,max_err_deg
307518.911920875,2.521290967706591,1.2573340209200978,14.999542236328125
307519.232217166,1.2369999894872308,1.2082919711247087,14.999542236328125
307519.269390375,1.1547079775482416,1.1986670433543622,14.999542236328125
307519.303744291,1.2444169842638075,1.257374999113381,14.291691528477415
307519.338110833,1.2064579641446471,1.234334020409733,12.747289984075863
307519.372467333,1.1702919728122652,1.270041975658387,4.6550148825234245
307519.406824791,1.3705000164918602,1.258542004507035,11.543728547360146
307519.441201791,1.4300409820862114,1.2525420170277357,23.88030888030889
307519.475557958,1.402875001076609,1.2606660020537674,24.459459459459467
307519.509927791,1.7723750206641853,1.2426250032149255,23.687258687258698
307519.54365575,1.3386249775066972,1.2566249934025109,21.6924066924067
307519.57800175,1.2881659786216915,1.2985420180484653,19.182754182754188
307519.612348041,1.3834169949404895,1.275499991606921,16.737451737451742
307519.646709833,1.6282500000670552,1.2425410095602274,14.292149292149297
307519.6800765,1.4416250050999224,1.2651249999180436,11.975546975546983
307519.714437625,1.231375033967197,1.2740829843096435,9.530244530244538
307519.748794916,1.186832960229367,1.2370420154184103,7.084942084942092
307519.783139458,1.1892500333487988,1.2809999752789736,4.768339768339775
307519.817508833,1.4209579676389694,1.2781250406987965,2.9665379665379703
307519.851870833,1.3961250078864396,1.2482079910114408,1.9340659340659272
307519.886246791,1.4512920170091093,1.2444999883882701,1.9340659340659272
307519.920379333,1.4572919462807477,1.2243750388734043,1.9340659340659272
307519.954191041,1.4896250213496387,1.2462919694371521,1.9340659340659272
307519.9885575,1.5040420112200081,1.2924580369144678,1.9340659340659272
307520.022918083,1.1947500170208514,1.1876669595949352,1.8735043033138652
307520.057285208,1.4745829976163805,1.244707964360714,1.209633628090657
307520.09166425,1.4036669745109975,1.268249994609505,2.0933180588942264
307520.126039791,1.9030830007977784,1.2678749626502395,2.865781679258234
307520.160414458,1.8330420134589076,1.2694159522652626,3.400365137791894
307520.194547583,1.7130420310422778,1.2784579885192215,3.8728926103193686
307520.228924625,1.763499982189387,1.3219169923104346,4.257507994934755
307520.263298083,1.7799999914132059,1.2832079664804041,4.878278459821431
307520.296988291,1.7949159955605865,1.2770839966833591,5.878278459821431
307520.331373041,1.982124987989664,1.2613749713636935,6.878278459821431
307520.36575325,1.745374989695847,1.3461660128086805,7.878278459821431
307520.400117458,1.6406670329160988,1.283791963942349,8.702454283997255
307520.434005875,1.5589589602313936,1.2829580227844417,9.614542196085168
307520.468378125,2.134749956894666,1.2646670220419765,10.52663010817308
307520.502763208,2.1584999631159008,1.3014160213060677,11.52663010817308
307520.5371415,1.9950420246459544,1.2634999584406614,12.52663010817308
307520.571516666,2.1070839720778167,1.2593750143423676,13.438718020260993
307520.604965208,2.294791047461331,1.2620839988812804,14.438718020260993
307520.63934325,2.1742910030297935,1.2563749914988875,15.438718020260993
307520.675697541,1.465874956920743,2.6433340390212834,16.438718020260993
307520.710064708,1.3323749881237745,1.23066600644961,17.438718020260993
307520.744432625,2.170209016185254,1.3251659693196416,18.350805932348905
307520.778791416,2.0738749881275,1.297915994655341,19.262893844436817
307520.812195291,2.175334026105702,1.2657499755732715,20.087069668612642
307520.846560208,2.5767500046640635,1.263874990399927,20.911245492788467
307520.880149041,2.248374978080392,1.2820829870179296,21.735421316964278
307520.9145205,2.4139999877661467,1.2988750240765512,22.471685053228015
307520.948892416,2.2937500034458935,1.1883749975822866,23.383772965315927
307520.982964833,1.949083001818508,1.2579589965753257,24.383772965315927
307521.017239375,2.121000026818365,1.2574580032378435,25.383772965315927
307521.050840291,1.9384999759495258,1.2677500490099192,26.383772965315927
307521.084841208,2.3882920504547656,1.2572080013342202,26.659340659340657
307521.119209875,1.9884170033037663,1.259916985873133,26.659340659340657
307521.153579375,2.197416964918375,1.282458018977195,26.659340659340657
307521.187110416,1.9525840179994702,1.2473749811761081,26.659340659340657
307521.221479291,2.131458022631705,1.2663749512284994,26.659340659340657
307521.25585,2.000666980165988,1.269000000320375,26.659340659340657
307521.290214208,1.9569589640013874,1.2739580124616623,26.659340659340657
307521.324583791,1.9424170022830367,1.2972919503226876,26.659340659340657
307521.358967875,1.3738329871557653,1.2606250238604844,26.659340659340657
307521.393321875,1.3958329800516367,1.2418749975040555,26.659340659340657
307521.427672166,1.475374971050769,1.2662920053116977,26.659340659340657
307521.462034,1.6053750296123326,1.2338749947957695,26.659340659340657
307521.49638925,1.8542910111136734,1.294042041990906,26.659340659340657
307521.530200583,1.9173750188201666,1.2699170038104057,26.659340659340657
307521.564043125,2.0879170042462647,1.250125002115965,26.659340659340657
307521.597615708,1.9568749703466892,1.2405830202624202,26.659340659340657
307521.631983666,1.984959002584219,1.267625018954277,26.659340659340657
307521.666211916,2.04904202837497,1.2547079822979867,26.659340659340657
307521.700590541,1.780833990778774,1.281291013583541,26.659340659340657
307521.734952208,1.8735830090008676,1.267583982553333,26.659340659340657
307521.769321416,1.8280000076629221,1.2468749773688614,26.659340659340657
307521.803850708,2.1502079907804728,1.179583021439612,26.659340659340657
307521.8382285,1.5903339954093099,1.266875013243407,26.659340659340657
307521.872633083,1.8974170088768005,1.295458001550287,26.374726347870876
307521.907003958,1.7279169987887144,1.2322909897193313,25.69365180717719
307521.941376375,1.8780420068651438,1.2311669997870922,24.710922744247938
307521.975732416,1.8812500056810677,1.2558749876916409,23.719574980683376
307522.010110625,1.8806669977493584,1.3133329921402037,22.728227217118814
307522.044043166,1.9390829838812351,1.3071250286884606,21.736879453554252
307522.077825875,2.0079169771634042,1.253542024642229,20.74553168998969
307522.11219625,1.9161669770255685,1.2597910244949162,19.745565225789832
307522.145722333,1.9600840169005096,1.254500006325543,18.745598761589974
307522.180086666,1.9943329971283674,1.2796249939128757,17.745632297390117
307522.213651291,8.338207961060107,1.20133301243186,16.74566583319026
307522.247996083,1.2284169788472354,1.2072499957866967,15.745699368990401
307522.282350208,1.4720840263180435,1.2518749572336674,14.745732904790543
307522.315917416,1.6712500364519656,1.2390409829095006,13.745766440590685
307522.349738791,1.81275000795722,1.2448750203475356,12.569975800566652
307522.384087833,1.1942089768126607,1.2041660374961793,11.482097248454707
307522.418454,1.6799999866634607,1.2515840353444219,10.48213078425485
307522.4521395,1.4413329772651196,1.259166980162263,9.482164320054991
307522.485648458,1.5338750090450048,1.1812500306405127,8.402904468578342
307522.519362791,1.5040829894132912,1.2395420344546437,8.0612792968751
307522.552991916,1.3009580434300005,1.2428339687176049,8.42865728021988
307522.58735925,1.6735829995013773,1.2589999823831022,8.796035263564661
307522.621722416,1.7271669930778444,1.2322080438025296,9.25132533482153
307522.656081458,1.5690420405007899,1.2985419598408043,9.88243958190256
307522.69044875,1.6099169733934104,1.2644160306081176,10.689378004807779
307522.724813,1.4154170057736337,1.271583023481071,11.672140603537173
307522.75916,1.3868340174667537,1.2764999992214143,12.654903202266567
307522.79351475,1.4225419727154076,1.2619160115718842,13.637665800995961
307522.827870916,1.7128329491242766,1.2445830507203937,14.532516311813268
307522.8614015,2.0163749577477574,1.254167000297457,15.2515426468064
307522.89576375,2.0352500141598284,1.2595420121215284,16.234305245535793
307522.929968541,1.9718750263564289,1.2621249770745635,17.217067844265188
307522.964325916,1.9429580424912274,1.2377919629216194,18.043956043956044
307522.997738291,1.938625006005168,1.2384580331854522,18.043956043956044
307523.031817541,1.9829169614240527,1.3150830054655671,18.043956043956044
307523.06620825,1.9900830229744315,1.2446669861674309,18.043956043956044
307523.100564041,1.983832975383848,1.2692500022239983,18.043956043956044
307523.134273791,2.0170830539427698,1.273374946322292,18.043956043956044
307523.167777666,1.4469170127995312,1.2569579994305968,18.043956043956044
307523.201927333,1.2163330102339387,1.2735420023091137,18.043956043956044
307523.236271166,1.2169580440968275,1.2540419702418149,18.043956043956044
307523.270628416,1.2310000020079315,1.2586670345626771,18.043956043956044
307523.304982625,1.2687920243479311,1.2775830109603703,18.043956043956044
307523.339339875,1.321541960351169,1.2672910233959556,18.043956043956044
307523.373714958,1.6759579884819686,1.2505000340752304,18.043956043956044
307523.408072416,1.714250014629215,1.2500829761847854,18.043956043956044
307523.441730125,1.7476250068284571,1.2504580081440508,18.043956043956044
307523.476086291,1.8158750026486814,1.2604589574038982,18.043956043956044
307523.510453833,1.958583015948534,1.2591250124387443,18.043956043956044
307523.544820625,2.2226250148378313,1.2731669703498483,18.043956043956044
307523.579185375,2.1603330387733877,1.2970829848200083,18.043956043956044
307523.613557,1.882209035102278,1.275832997635007,18.043956043956044
307523.647914458,1.8153749988414347,1.2689580325968564,18.043956043956044
307523.682278458,2.270583005156368,1.2873339583165944,18.043956043956044
307523.716134166,1.804750005248934,1.2745839776471257,18.043956043956044
307523.750501625,1.81275000795722,1.2832499924115837,18.043956043956044
307523.784876833,1.8107920186594129,1.2615409796126187,18.043956043956044
307523.819093166,1.8144999630749226,1.2568330275826156,18.043956043956044
307523.85299475,1.8732079770416021,1.2687499984167516,18.043956043956044
307523.887346291,1.2282920069992542,1.210083020851016,18.043956043956044
307523.921693958,1.2531669926829636,1.1988329933956265,18.043956043956044
307523.956036208,1.2084579793736339,1.2524170451797545,18.043956043956044
307523.99039725,1.2265830300748348,1.2714170152321458,18.043956043956044
307524.024753791,1.291042019147426,1.2718329671770334,18.043956043956044
307524.059117166,1.321457966696471,1.2892920058220625,18.043956043956044
307524.093479583,1.5910000074654818,1.2725410051643848,18.043956043956044
307524.1278455,1.6413329867646098,1.2414169614203274,18.043956043956044
307524.162204916,1.756542013026774,1.2667499831877649,18.043956043956044
307524.196353375,1.7582500004209578,1.2829579645767808,18.043956043956044
307524.230255833,1.792459050193429,1.268290972802788,18.043956043956044
307524.264617583,1.90100003965199,1.293957990128547,18.043956043956044
307524.298523625,1.8127919756807387,1.2439169804565609,18.043956043956044
307524.332891333,1.903083990328014,1.2722910032607615,18.043956043956044
307524.367265458,1.8703329842537642,1.2797920498996973,18.043956043956044
307524.401619958,1.915832981467247,1.2880419963039458,18.043956043956044
307524.435272166,1.8526670173741877,1.2742499820888042,18.043956043956044
307524.469642958,2.2700420231558383,1.2703330139629543,18.043956043956044
307524.504002625,1.9608750008046627,1.3552919845096767,18.043956043956044
307524.538371416,2.15391704114154,1.2583329807966948,18.043956043956044
307524.572730333,2.133667003363371,1.2884580064564943,18.043956043956044
307524.607100083,1.9325840403325856,1.253040973097086,18.043956043956044
307524.640781958,2.3900410160422325,1.2632919824682176,18.043956043956044
307524.674754708,2.4716249899938703,1.3072500005364418,18.043956043956044
307524.709123458,2.4555409909226,1.2366670416668057,18.043956043956044
307524.743512125,2.0706250215880573,1.2532090186141431,18.043956043956044
307524.777877708,2.09779100259766,1.2475000112317502,18.043956043956044
307524.812239791,1.981374982278794,1.2483749887906015,18.043956043956044
307524.846607541,2.0107500022277236,1.2897500419057906,18.043956043956044
307524.880975583,2.1832920028828084,1.252374961040914,18.043956043956044
307524.915365125,2.4061670410446823,1.2579580070450902,18.043956043956044
307524.949136625,2.346375025808811,1.2777909869328141,18.043956043956044
307524.983525291,1.890124985948205,1.262500009033829,18.043956043956044
307525.0179115,1.9315839745104313,1.2572500272653997,18.043956043956044
307525.052273625,1.9789169891737401,1.2614160077646375,18.043956043956044
307525.086645875,2.0203330204822123,1.3008329551666975,18.043956043956044
307525.121016666,2.324791974388063,1.2771250330843031,18.043956043956044
307525.155386125,1.985292008612305,1.2757080257870257,18.043956043956044
307525.189752166,2.112667018081993,1.2772499467246234,18.043956043956044
307525.223930666,2.0343330106697977,1.297582988627255,18.043956043956044
307525.25829425,2.136083028744906,1.2736250064335763,18.043956043956044
307525.29265825,2.1709169959649444,1.264000020455569,18.043956043956044
307525.327015833,1.9337090197950602,1.2426659814082086,18.043956043956044
307525.361392958,2.0613750093616545,1.3083330122753978,18.043956043956044
307525.394919708,1.9158750073984265,1.258583040907979,18.043956043956044
307525.42928775,2.2577500203624368,1.3067499967291951,18.043956043956044
307525.463237541,2.061791019514203,1.273333968129009,18.043956043956044
307525.497623125,2.1760420058853924,1.2572080013342202,18.043956043956044
307525.531341791,2.412333036772907,1.3192080077715218,18.043956043956044
307525.56498025,2.202457981184125,1.2598339817486703,18.043956043956044
307525.599362625,2.3768750252202153,1.2594999861903489,18.043956043956044
307525.633731875,1.888291968498379,1.2695830082520843,18.043956043956044
307525.667476083,2.470957988407463,1.3057920150458813,18.043956043956044
307525.701098,1.9163330434821546,1.2867499608546495,18.043956043956044
307525.73478925,1.9790829974226654,1.2649169657379389,18.043956043956044
307525.768610583,1.94658397231251,1.3301660073921084,18.043956043956044
307525.802978166,2.082166029140353,1.2547919759526849,18.043956043956044
307525.837351,2.0411250297911465,1.2525419588200748,17.86813186813187
307525.871714708,2.106167026795447,1.2584159849211574,17.86813186813187
307525.906074125,2.222042006906122,1.2617919710464776,17.86813186813187
307525.940442458,2.0897089852951467,1.300457981415093,17.86813186813187
307525.974813291,2.1551669924519956,1.304792007431388,17.86813186813187
307526.00918,2.256083011161536,1.2696249759756029,17.86813186813187
307526.043561125,2.2455829894170165,1.2720419908873737,17.86813186813187
307526.077924875,2.1632499992847443,1.2512080138549209,17.86813186813187
307526.11228475,2.468292019329965,1.2518750154413283,17.78021978021978
307526.146221291,2.0723750349134207,1.2730829766951501,17.78021978021978
307526.180598458,1.9662500126287341,1.2648340198211372,17.78021978021978
307526.214956791,2.190041996072978,10.942417022306472,17.78021978021978
307526.249304083,1.293957990128547,1.2178340111859143,17.78021978021978
307526.283656791,1.3332910020835698,1.266125007532537,17.78021978021978
307526.318029041,2.1730000153183937,1.2493330286815763,17.78021978021978
307526.352299333,1.9808340002782643,1.2707909918390214,17.78021978021978
307526.386669166,2.1343750413507223,1.2604169896803796,17.78021978021978
307526.421037541,1.9219579990021884,1.352666993625462,17.78021978021978
307526.455402125,1.9184999982826412,1.2747080181725323,17.78021978021978
307526.48977075,2.095916017424315,1.253083988558501,17.78021978021978
307526.524165375,2.054500044323504,1.282709010411054,17.78021978021978
307526.55853425,1.972291967831552,1.2641660287044942,17.78021978021978
307526.592381166,2.3271249956451356,1.257374999113381,17.78021978021978
307526.626111166,2.0051669562235475,1.266166043933481,17.78021978021978
307526.660484208,2.2675410145893693,1.2780000106431544,17.78021978021978
307526.694255125,1.948040968272835,1.2634590384550393,17.78021978021978
307526.728623708,2.397208008915186,1.246208033990115,17.78021978021978
307526.762047166,2.3292499827221036,1.2432499788701534,17.78021978021978
307526.796414625,2.341166022233665,1.250124943908304,17.78021978021978
307526.830249916,2.0370419952087104,1.2904999894089997,17.78021978021978
307526.864619166,2.406999992672354,1.2604999938048422,17.78021978021978
307526.898996125,1.7709999810904264,1.2716670171357691,17.78021978021978
307526.932935541,1.8867080216296017,1.2628340045921504,17.78021978021978
307526.967300875,1.96245894767344,1.2742080143652856,17.78021978021978
307527.001665041,2.073541982099414,1.303750032093376,17.78021978021978
307527.036029208,2.0602919976226985,1.3146250275895,17.78021978021978
307527.070398458,2.104249957483262,1.2453750241547823,17.78021978021978
307527.103917083,2.018250001128763,1.2710830196738243,17.78021978021978
307527.138055458,1.9664580468088388,1.3283329899422824,17.78021978021978
307527.1724185,2.116332994773984,1.3115420006215572,17.78021978021978
307527.206781916,2.289041003677994,1.2417089892551303,17.78021978021978
307527.240397791,1.9047079840674996,1.2710830196738243,17.78021978021978
307527.274769041,2.0816250471398234,1.2642499641515315,17.78021978021978
307527.309137958,2.0456669735722244,1.265792001504451,17.78021978021978
307527.34351675,2.34991597244516,1.3065420207567513,17.78021978021978
307527.377405916,2.3188330233097076,1.292834000196308,17.78021978021978
307527.411776875,2.1530420053750277,1.2702079839073122,17.78021978021978
307527.446137958,2.0231660455465317,1.279416959732771,17.78021978021978
307527.4805065,2.0506670116446912,1.4223330072127283,17.78021978021978
307527.514889625,2.0697080180980265,1.2858749832957983,17.78021978021978
307527.549264416,2.2426670184358954,1.2857909896411002,17.78021978021978
307527.583075708,2.057958976365626,1.248125045094639,17.78021978021978
307527.617451875,1.8599579925648868,1.263208978343755,17.78021978021978
307527.651811375,1.908999984152615,1.3000830076634884,17.78021978021978
307527.685804,1.9665840081870556,1.2792909983545542,17.245663150326237
307527.719249,1.9092909642495215,1.2557920417748392,16.24569668612638
307527.7536175,2.3005830007605255,1.2452499940991402,15.245730221926522
307527.787979708,2.0370830316096544,1.2732089962810278,14.245763757726664
307527.821959541,2.2515409509651363,1.2571250554174185,13.245797293526806
307527.856161,2.038292004726827,1.2656659819185734,12.245830829326948
307527.890098791,2.0122500136494637,1.2651659781113267,11.24586436512709
307527.924470791,2.351457951590419,1.2725420529022813,10.245897900927233
307527.958840958,1.699332962743938,1.3038330362178385,9.245931436727375
307527.993233916,1.8329169834032655,1.274041016586125,8.581457117101593
307528.0268515,1.672249985858798,1.2593340361490846,8.581457117101593
307528.060322125,1.6241669654846191,1.284291036427021,8.581457117101593
307528.094687958,1.2370829936116934,1.2587920064106584,8.581457117101593
307528.129045833,1.2132920091971755,1.2576669687405229,8.529547722784969
307528.163389125,1.152415992692113,1.2483749887906015,8.365595220209414
307528.19773725,1.132916018832475,1.2475840048864484,8.115455711280845
307528.232078708,1.1071250191889703,1.2407919857650995,7.796366597269852
307528.266435708,1.1342499637976289,1.2699580402113497,7.380746694711476
307528.30079,1.1830829898826778,1.282749988604337,7.053038880065188
307528.335147291,1.2018329580314457,1.2833340442739427,6.725331065418899
307528.369519,1.413875026628375,1.2523329933173954,6.406241951407907
307528.403847833,1.4714999706484377,1.251333043910563,6.362951257726593
307528.438231333,1.520124962553382,1.242667029146105,6.362951257726593
307528.472591083,1.4550000196322799,1.2864579912275076,6.821730393629863
307528.506963583,1.8768750014714897,1.270374981686473,7.76139948918275
307528.540541083,1.5468749916180968,1.2764169950969517,8.718305986006243
307528.574168458,1.630667014978826,1.2569579994305968,9.771743271377119
307528.607923916,1.939042005687952,1.2699999497272074,10.737268468835907
307528.642296666,2.1179160103201866,1.2633749865926802,11.702793666294696
307528.676665791,2.4564999621361494,1.253542024642229,12.580406775841396
307528.711127,2.249834011308849,1.3556249905377626,13.545931973300185
307528.744485666,2.1564170019701123,1.2753749615512788,14.468363667582466
307528.778852708,2.3340830230154097,1.3016669545322657,14.642693488152517
307528.813220833,1.2243340024724603,1.2032499653287232,14.582165393200597
307528.847589791,1.3258749968372285,1.2552079861052334,13.58219892900074
307528.881957916,2.2647500154562294,1.256291987374425,12.494320376888794
307528.916354625,2.157124981749803,1.2778340023942292,11.494353912688936
307528.950143208,1.8743749824352562,1.259000040590763,10.494387448489078
307528.984509166,1.5674580354243517,1.2749590096063912,9.582333072201308
307529.017928333,1.6097910120151937,1.293624984100461,8.58236660800145
307529.052073625,1.690707984380424,1.2700420338660479,7.582400143801593
307529.086442125,1.6426249640062451,1.2944589834660292,6.582433679601735
307529.12080625,1.8051249790005386,1.2852500076405704,6.362951257726593
307529.155175375,1.7827090341597795,1.3017909950576723,6.45086334563868
307529.189030541,1.742082997225225,1.2750420137308538,6.45086334563868
307529.2225045,1.6675000078976154,1.3240829575806856,6.45086334563868
307529.256878291,1.6746670007705688,1.2953749974258244,6.45086334563868
307529.291249416,1.6256250091828406,1.2526249629445374,6.45086334563868
307529.325161375,1.790667010936886,1.2450409703888,6.45086334563868
307529.359536625,1.8631250131875277,1.2505839695222676,6.45086334563868
307529.393409083,1.8353330087848008,1.2472919770516455,6.45086334563868
307529.427770916,1.5400000265799463,1.2782079866155982,6.362951257726593
307529.461230458,1.8057079869322479,1.268375024665147,6.362951257726593
307529.495598875,1.7597089754417539,1.2805000296793878,6.275039169814505
307529.52996725,1.7794999876059592,1.2587080127559602,6.169692490127005
307529.564153208,1.6632499755360186,1.2790840119123459,5.862665532709428
307529.597930708,1.605625031515956,1.2981669860891998,5.555638575291852
307529.632292,1.8186249653808773,1.2942500179633498,5.42443579369845
307529.666551375,1.534709008410573,1.2746250140480697,5.284614311469738
307529.700215125,1.8222499638795853,1.489833986852318,4.977587354052162
307529.734584541,1.6629589954391122,1.2730410089716315,4.574029608087187
307529.768951083,1.5452500083483756,1.2812089989893138,4.144615760216311
307529.803316916,1.6547500272281468,1.2595829903148115,3.839313884357793
307529.83723375,1.6733340453356504,1.2407079921104014,3.4909185053227674
307529.870751291,1.5626249951310456,1.301333017181605,3.5816301618301623
307529.905118375,1.9349580397829413,1.3328749919310212,3.878299922733305
307529.93948525,1.85570796020329,1.2516670394688845,4.386137462797627
307529.973087708,1.6432090196758509,1.316790992859751,5.065590659340668
307530.007450166,1.6070419806055725,1.2737910146825016,5.832955943795795
307530.041273708,1.6201669932343066,1.287916034925729,6.6882333161630125
307530.075642083,1.8524579936638474,1.2632920406758785,7.202783381982609
307530.110009875,1.962541020475328,1.2692920281551778,7.5219762334020235
307530.144383,1.82320800377056,1.2754169874824584,7.359092404990851
307530.177837833,1.8547910149209201,1.279124990105629,7.0083222441620965
307530.212203958,1.7794169834814966,1.2871670187450945,6.568761804601657
307530.246574125,1.715291989967227,1.2512080138549209,6.129201365041217
307530.280940791,1.7934589996002614,1.2519159936346114,5.689640925480777
307530.315304125,1.7154579982161522,1.334875007160008,5.592183207417321
307530.349670916,1.9952089642174542,1.3693750370293856,5.625116704584215
307530.38305525,1.8248749547638,1.274542009923607,5.921786465487365
307530.417415958,1.502916042227298,1.3400839525274932,6.306368314302617
307530.451333166,1.536583004053682,1.2685420224443078,6.6909501631178685
307530.485282666,1.8355419742874801,1.271542045287788,7.163444099845208
307530.519653041,1.7527919844724238,1.2815420050173998,7.635938036572547
307530.554025083,1.7008750000968575,1.2757080257870257,8.020519885387799
307530.588386291,1.6142919776029885,1.3597499928437173,8.40510173420305
307530.622755208,1.847333973273635,1.2513750116340816,8.789683583018288
307530.656652541,1.8626669771037996,1.3804580084979534,9.262177519745627
307530.690259916,1.6863340279087424,1.3549579889513552,9.646759368560879
307530.72463125,2.5161669473163784,1.394375052768737,10.119253305288218
307530.75826625,2.2475000005215406,1.2518750154413283,10.395604395604394
307530.800357625,1.1325000086799264,1.2254169560037553,9.780219780219774
307530.834700708,1.0957909980788827,1.2500840239226818,9.340659340659336
307530.869066416,1.6434590215794742,1.2411659699864686,8.901098901098898
307530.903438166,1.6626249998807907,1.2144579668529332,8.81318681318681
307530.937815333,1.220499980263412,1.2542910408228636,8.81318681318681
307530.972180583,1.5107920044101775,1.3307079789228737,8.725274725274723
307531.00586175,1.4487910084426403,1.2639169581234455,8.725274725274723
307531.039244875,1.7512909835204482,1.2753750197589397,8.725274725274723
307531.073611375,1.7187080229632556,1.245416991878301,8.725274725274723
307531.10797475,1.7636670381762087,1.3078329502604902,8.725274725274723
307531.141511916,1.5217919717542827,1.310250023379922,8.725274725274723
307531.175875916,1.7437500064261258,1.2826669844798744,8.725274725274723
307531.2102585,2.092332986649126,1.2434169766493142,8.725274725274723
307531.244617208,1.6696250531822443,1.316332956776023,8.725274725274723
307531.2787125,1.869250030722469,1.2702079839073122,8.725274725274723
307531.31310025,1.6209169989451766,1.261416997294873,8.552669986263737
307531.34747175,1.586834026966244,1.294374989811331,8.04393592247596
307531.381847541,1.466332993004471,1.2733329785987735,7.250784737723215
307531.416016041,1.4606249751523137,1.282416982576251,6.3886839478880475
307531.449677208,1.5660420176573098,1.2809999752789736,5.785144177111945
307531.484037833,1.4943340211175382,1.259540964383632,5.785144177111945
307531.518408833,1.601291005499661,1.2559170136228204,6.2162763993818615
307531.552768875,1.1177919805049896,1.2174579896964133,7.216242863581726
307531.587123208,1.2424589949660003,1.2551249819807708,8.216209327781591
307531.621499416,1.503916981164366,1.2568749953061342,8.725274725274723
307531.655853916,1.676207990385592,1.2420419952832162,8.725274725274723
307531.690241916,1.691332960035652,1.3258750550448895,8.725274725274723
307531.724615916,1.8453329685144126,1.2879170244559646,8.725274725274723
307531.758988916,1.930625003296882,1.3585420092567801,8.725274725274723
307531.79336275,1.923499978147447,1.2477910495363176,8.725274725274723
307531.826738291,1.7788339755497873,1.2780409888364375,8.725274725274723
307531.861116916,1.7747500096447766,1.3333330280147493,8.725274725274723
307531.894909416,1.9046670058742166,1.2525409692898393,8.725274725274723
307531.92929475,1.7817499465309083,1.266875013243407,8.725274725274723
307531.963685166,1.829290995374322,1.2543339980766177,8.725274725274723
307531.998057208,1.703459012787789,1.2876659748144448,8.725274725274723
307532.031452,1.1445830459706485,1.212208007927984,8.621619591346153
307532.065801083,1.122041023336351,1.1949999607168138,8.061173323746566
307532.100144958,1.1712079867720604,1.2633340083993971,7.2335473364526095
307532.13450325,1.1554170050658286,1.2711670133285224,6.319734342805631
307532.168613958,1.1936249793507159,1.273083034902811,5.34559044471154
307532.202973083,1.2543339980766177,1.2707080459222198,4.34559044471154
307532.237348833,1.3766670017503202,1.313583052251488,3.34559044471154
307532.271705625,1.4790419954806566,1.2605420197360218,3.0727306547618967
307532.305473666,1.6177500365301967,1.2812089989893138,2.8483233888507247
307532.339578125,1.5319589874707162,1.264750026166439,2.5839642535200085
307532.373955375,1.6115829930640757,1.265083032194525,2.5839642535200085
307532.408314625,1.6328750061802566,1.36283301981166,2.5839642535200085
307532.442681916,1.9174169865436852,1.3467500102706254,2.496052165607921
307532.477047291,1.5819580294191837,1.3762079761363566,2.4081400776958333
307532.51043425,1.8027080222964287,1.3552079908549786,2.3202279897837457
307532.544803833,1.8152919947169721,1.3673329958692193,2.232315901871658
307532.579183083,1.7505419673398137,1.3036250020377338,2.2588051596840586
307532.613550666,1.8662919756025076,1.2557079899124801,2.46759636847527
307532.647917375,1.6134170000441372,1.2527910294011235,2.588475489354394
307532.682153875,1.1942089768126607,1.19312503375113,2.709354610233518
307532.716508,1.1037079966627061,1.2137920130044222,2.830233731112642
307532.750867333,1.1738340253941715,1.2890409561805427,2.8632007640796644
307532.785224541,1.1875000200234354,1.2548330123536289,2.9840798849587884
307532.81957625,1.146292022895068,1.2635000166483223,3.017046917925825
307532.853928875,1.18695804849267,1.3050829875282943,3.050013950892861
307532.888298708,1.3843330089002848,1.2450829963199794,3.0829809838598834
307532.922670208,1.4672920224256814,1.2652080040425062,3.11594801682692
307532.95670875,1.438791980035603,1.285000005736947,3.3247392256181314
307532.991076916,1.4784579980187118,1.2590829865075648,3.6214425223214306
307533.025445583,1.4970420161262155,1.2855419772677124,3.654409555288467
307533.059349333,1.764249987900257,1.2694579781964421,3.8632007640796644
307533.093503,1.9035000004805624,1.2517920113168657,3.9840798849587884
307533.127072791,1.840915996581316,1.3177919900044799,4.19287109375
307533.161428541,1.2130839750170708,1.2474580435082316,4.401662302541212
307533.195785916,1.174959004856646,1.2671659933403134,4.698365599244511
307533.23014925,1.1167920310981572,1.2911249650642276,4.907156808035708
307533.264511833,1.1187909985892475,1.2605839874595404,5.203860104739007
307533.298863791,1.1402919772081077,1.2644579983316362,5.412651313530219
307533.333220041,1.193750009406358,1.2526250211521983,5.621442522321431
307533.36759325,1.388082979246974,1.2466670013964176,5.812996329842036
307533.401967416,1.5365409781225026,1.2837499962188303,5.797701322115373
307533.436085875,1.4645420014858246,1.2409170158207417,5.784131395947796
307533.469889291,1.4642500318586826,1.2645419919863343,5.25665886847527
307533.504263958,1.6905830125324428,1.3226669980213046,4.729186341002745
307533.537879125,1.4967919560149312,1.2802500277757645,4.465450077266482
307533.572242541,1.717124949209392,1.34937500115484,4.289625901442307
307533.605758,1.797917007934302,1.2481249868869781,4.201713813530219
307533.640123291,1.7458749935030937,1.2826669844798744,4.201713813530219
307533.673953958,1.5924159670248628,1.273792004212737,4.201713813530219
307533.708318833,1.7389999702572823,1.2958330335095525,4.201713813530219
307533.742102125,1.9318339764140546,1.2815000372938812,4.201713813530219
307533.775663916,1.5139590250328183,1.2535830028355122,4.201713813530219
307533.810029375,1.8422920256853104,1.3204580172896385,4.201713813530219
307533.844391708,1.5771659673191607,1.31108402274549,4.201713813530219
307533.878759416,1.9091669819317758,1.3370829983614385,4.201713813530219
307533.912885166,1.7164170276373625,1.3300409773364663,4.201713813530219
307533.947251916,1.8655830062925816,1.2649580021388829,4.201713813530219
307533.980707041,1.5036669792607427,1.271250017452985,4.201713813530219
307534.015076916,1.5730420127511024,1.2759579694829881,4.201713813530219
307534.0485815,1.5846659662202,1.2611669953912497,4.201713813530219
307534.081986666,1.4651250094175339,1.287874998524785,4.535047146863548
307534.116360958,1.648707955610007,1.2739170342683792,5.077126974587905
307534.150738833,1.604124961886555,1.2544580386020243,5.531294714400176
307534.185096541,1.439749961718917,1.2654580059461296,6.073374542124535
307534.218624291,1.794292009435594,1.2442910228855908,6.703366457760981
307534.25299175,1.5899169957265258,1.2569160317070782,7.24544628548534
307534.286455708,1.5314159682020545,1.3159170048311353,7.611701937385522
307534.320820416,1.6506669926457107,1.2897910200990736,7.6263092376373525
307534.35518475,1.790667010936886,1.2477919808588922,7.47256324404761
307534.389559291,1.5467919874936342,1.2612499995157123,7.295263493017391
307534.423138541,1.49200001033023,1.2902920134365559,6.814590845352557
307534.457511333,1.4716250007040799,1.281667035073042,6.19920622996794
307534.49187375,1.5512499958276749,1.3225410366430879,5.222683078640101
307534.526254583,1.6127499984577298,1.2884580064564943,3.870387262477097
307534.5606305,1.6122090164572,1.2703330139629543,3.498417110233518
307534.594997041,1.7581669962964952,1.323707983829081,3.498417110233518
307534.629363083,1.8200839986093342,1.2650000280700624,3.498417110233518
307534.663375125,1.8138340092264116,1.246832951437682,3.498417110233518
307534.696870416,1.8057080451399088,1.3129999861121178,3.498417110233518
307534.731223916,1.1248340015299618,1.2063750182278454,3.498417110233518
307534.765583208,1.1079999967478216,1.2333749909885228,3.498417110233518
307534.799926333,1.0754999821074307,1.1956249945797026,3.4105050223214306
307534.834283583,1.2167909881100059,1.2710840092040598,3.322592934409343
307534.868640208,1.2472079833969474,1.318582973908633,3.146768758585168
307534.903016708,1.311000029090792,1.2766249710693955,3.146768758585168
307534.9373925,1.965374976862222,1.2582080089487135,13.640415579502491
307534.971748583,1.8270830041728914,1.265666971448809,29.993107229893116
307535.005425625,1.9376670243218541,1.2507080100476742,29.60700684379273
307535.039784291,1.9970830180682242,1.2991249677725136,28.126955363741246
307535.074156958,2.202583011239767,1.2702089734375477,25.874703111488994
307535.108236916,2.107999986037612,1.2481659650802612,23.42940066618655
307535.14260625,2.2617910290136933,1.274125010240823,20.984098220884107
307535.1769695,2.039958955720067,1.2683329987339675,14.250271084072345
307535.211332708,1.785874948836863,1.33854104205966,6.586336702913847
307535.245699458,1.8364579882472754,1.2612080317921937,4.1520891226396515
307535.280065708,1.6319999704137444,1.2847910402342677,4.2399911286630125
307535.313656875,1.583250006660819,1.2532909750007093,5.631320712802641
307535.34728625,1.586583035532385,1.259207958355546,9.939976008549003
307535.381651791,1.8532919930294156,1.3053749571554363,9.65848689527278
307535.416019916,1.9136249902658165,1.2566670193336904,7.599284836070716
307535.4503855,1.8225000239908695,1.2966250069439411,5.282682519468402
307535.484742083,1.543833001051098,1.2742499820888042,3.9846128806089838
307535.519111041,1.6377500141970813,1.2987079680897295,3.105492001488105
307535.553476375,1.7368749831803143,1.2631660210900009,2.7951204069368174
307535.5878345,1.5806659939698875,1.2885420001111925,2.7951204069368174
307535.622201083,1.621082948986441,1.310708001255989,2.7951204069368174
307535.655772291,1.5525410417467356,1.2716669589281082,2.7951204069368174
307535.690140208,1.6199999954551458,1.2858749832957983,2.7951204069368174
307535.724502541,2.107915992382914,1.2801250559277833,10.142700902283423
307535.758069,1.9391669775359333,1.274125010240823,10.120591172226916
307535.791589041,1.65275001199916,1.2622499489225447,4.010134074678753
307535.825426125,1.980624976567924,1.2731670285575092,3.9956812324671134
307535.85979075,1.7079579993151128,1.2649999698624015,6.1835834203693025
307535.893501625,1.6062089707702398,1.2682500528171659,7.792335029120913
307535.927367458,1.728709030430764,1.2393330107443035,8.114085350871235
307535.961738833,1.9306670292280614,1.312832988332957,7.084484321270203
307535.995622041,1.8653339939191937,1.255999959539622,5.153982390768277
307536.029545875,1.7939169774763286,1.2517080176621675,3.352180588966476
307536.063048458,1.739832980092615,1.2688749702647328,2.7951204069368174
307536.097411583,1.8382499692961574,1.2475000112317502,2.7951204069368174
307536.131101666,1.77220901241526,1.3010409893468022,2.7951204069368174
307536.165474583,1.8040420254692435,1.2682080268859863,2.7951204069368174
307536.199860083,1.4804999809712172,1.2527500512078404,2.7951204069368174
307536.234262958,1.2792909983545542,1.2601250200532377,2.7951204069368174
307536.268619458,1.2630000128410757,1.2729159789159894,2.804475094514167
307536.302995916,1.819583005271852,1.286083017475903,18.291409564908108
307536.336610708,1.9443330238573253,1.2764169950969517,29.350064350064358
307536.370983583,1.9913340220227838,1.323707983829081,28.256113256113267
307536.405350666,1.9471250125207007,1.2580000329762697,26.06821106821107
307536.4397125,2.048458030913025,1.2693339958786964,23.687258687258698
307536.473319333,2.4042919976636767,1.275832997635007,21.177606177606187
307536.507261208,2.080709033180028,1.237916003447026,18.925353925353924
307536.541629625,2.511875005438924,1.2571249972097576,16.41570141570142
307536.575323458,2.339875034522265,1.258875010535121,14.099099099099107
307536.608913833,2.3581249988637865,1.2489170185290277,11.71814671814672
307536.643294833,1.3146669953130186,1.2747080181725323,9.401544401544406
307536.6776665,1.4458750374615192,1.2950829695910215,6.891891891891895
307536.712026666,1.5489580109715462,1.2366249575279653,4.575289575289581
307536.746391708,1.5149170067161322,1.2655410100705922,2.902187902187908
307536.780464833,1.7490829923190176,1.3720839633606374,2.7951204069368174
307536.814181833,1.5107080107554793,1.260249991901219,2.7951204069368174
307536.848559916,1.2995839933864772,1.269125030376017,2.7951204069368174
307536.88294175,1.4396249898709357,1.2416249956004322,2.7951204069368174
307536.917294916,1.2409999617375433,1.2095409911125898,2.7951204069368174
307536.951654833,1.212666044011712,1.2597089516930282,2.7951204069368174
307536.9852865,1.2229580315761268,1.2426250032149255,2.7951204069368174
307537.019649583,1.1178329586982727,1.2560830218717456,2.7951204069368174
307537.054011625,1.1816669721156359,1.3010000111535192,2.7951204069368174
307537.088364916,1.2410000199452043,1.2680409708991647,2.7951204069368174
307537.122739583,1.3959589996375144,1.2818750110454857,2.7951204069368174
307537.157113833,1.4834579778835177,1.2764169950969517,2.7951204069368174
307537.191473958,1.5863329754211009,1.253084046766162,2.7951204069368174
307537.225333,1.6036250162869692,1.2691669980995357,2.7951204069368174
307537.259698458,1.8347909790463746,1.255334005691111,2.7951204069368174
307537.29406725,1.9122909870930016,1.1970840278081596,2.7951204069368174
307537.327850625,1.916542008984834,1.1697500012814999,2.7951204069368174
307537.361769708,1.908959005959332,1.2862909934483469,2.7951204069368174
307537.396134333,1.81049999082461,1.3255840167403221,2.7951204069368174
307537.429971375,1.7382499645464122,1.2732080067507923,2.7951204069368174
307537.4640275,1.5739579685032368,1.257167023140937,2.7951204069368174
307537.498396583,1.8579160096123815,1.3344589970074594,2.7951204069368174
307537.532106708,1.8364170100539923,1.3582500396296382,2.7951204069368174
307537.56647575,1.9217500230297446,1.346540986560285,2.7951204069368174
307537.600843916,1.8197500030510128,1.2681250227615237,2.7951204069368174
307537.635209041,1.5168339596129954,1.2597910244949162,2.7951204069368174
307537.669577583,1.6031659906730056,1.2714170152321458,2.7951204069368174
307537.703946541,1.7810839926823974,1.2655829777941108,2.7951204069368174
307537.737421916,1.7887090216390789,1.2724159751087427,2.7951204069368174
307537.771783125,1.575958973262459,1.2552080443128943,2.7951204069368174
307537.806150625,1.8571660039015114,1.279208983760327,2.7951204069368174
307537.840160708,1.6699580010026693,1.3035829761065543,2.7951204069368174
307537.874531416,1.7791250138543546,1.4066669973544776,2.7951204069368174
307537.90861825,1.7351250280626118,1.2851659557782114,2.7951204069368174
307537.942551166,1.8353330087848008,1.2599999899975955,2.7951204069368174
307537.976933625,1.8552500405348837,1.326249970588833,2.7951204069368174
307538.011193541,1.7590830102562904,1.249791996087879,2.7951204069368174
307538.045524416,1.8403339781798422,1.2488330248743296,2.7951204069368174
307538.079894666,1.581458025611937,1.2879999703727663,3.6263736263736206
307538.113711333,1.7226670170202851,1.2688330025412142,4.256410256410252
307538.147960208,1.4794999733567238,1.2862080475315452,4.798534798534792
307538.1815915,1.207208028063178,1.2693749740719795,5.164835164835159
307538.215933125,1.1049589957110584,1.2393330107443035,5.531135531135526
307538.250284875,1.1490419856272638,1.250249973963946,5.721611721611717
307538.284640833,1.1184170143678784,1.2384580331854522,5.912087912087909
307538.318621625,1.197083038277924,1.2731669703498483,6.1025641025641
307538.352999458,1.390916993841529,1.2459580320864916,6.117216117216115
307538.387374291,1.4321249909698963,1.2897920096293092,6.219780219780216
307538.421742958,1.4241249882616103,1.2387500028125942,6.4665460272148465
307538.456104291,1.447457994800061,1.274833979550749,6.880474384014292
307538.489690916,1.531332964077592,1.27987505402416,7.294402740813737
307538.524053583,1.7314580036327243,1.322166994214058,7.708331097613183
307538.558422458,1.6336250118911266,1.2644159724004567,8.130878155047938
307538.592369833,1.6580830560997128,1.2920419685542583,8.544806511847383
307538.626280833,1.5961670433171093,1.2636249884963036,8.958734868646829
307538.660645375,1.8664590315893292,1.332665968220681,9.381281926081584
307538.6950145,1.6982919769361615,1.2829999905079603,9.79521028288103
307538.729378333,1.9637090153992176,1.2634579907171428,10.174663837139278
307538.763751708,1.9763750024139881,1.255290990229696,10.511023888221004
307538.797186041,2.0229160436429083,1.2661669752560556,10.795671735490927
307538.830904416,1.9043750362470746,1.2862089788541198,10.985513875772526
307538.865274583,1.9992919987998903,1.2580829788930714,11.0805503090658
307538.899652291,1.9847910152748227,1.2586669763550162,11.149730640453157
307538.933479833,1.8582920311018825,1.2425410095602274,11.175817468664007
307538.967452875,1.9417080329731107,1.270041975658387,11.193285596239562
307539.001597333,2.061332983430475,1.2729589943774045,11.193516322544511
307539.035351458,1.9862499902956188,1.2825420126318932,11.193516322544511
307539.06973075,2.250000019557774,1.2956249993294477,11.193516322544511
307539.104082791,1.2202500365674496,1.2361250119283795,11.193516322544511
307539.138445333,1.1894580093212426,1.2072089593857527,11.193516322544511
307539.172804125,1.2527090148068964,1.2499580043368042,11.193516322544511
307539.207146833,1.2997500016354024,1.253916008863598,11.193516322544511
307539.240680166,1.470999966841191,1.2648340198211372,11.193516322544511
307539.275058041,1.6090419958345592,1.248749962542206,11.193516322544511
307539.309427041,1.9456660374999046,1.2622919748537242,11.193516322544511
307539.343166458,2.0950830075889826,1.214749994687736,11.193516322544511
307539.377568666,2.3452500463463366,1.2753749615512788,11.193516322544511
307539.411937083,2.3268749937415123,1.2244170065969229,11.193516322544511
307539.445307375,2.038208011072129,1.264708989765495,11.193516322544511
307539.479683416,2.1418749820441008,1.2606660020537674,11.193516322544511
307539.514052375,2.0754580036737025,1.250582979992032,11.193516322544511
307539.548415875,1.953125,1.2605829979293048,11.193516322544511
307539.582786916,2.2995000472292304,1.2438749545253813,11.193516322544511
307539.6171495,2.337041951250285,1.2427080073393881,11.193516322544511
307539.651534333,2.201166993472725,1.2998750316910446,11.193516322544511
307539.685329458,2.079458034131676,1.2460419675335288,11.193516322544511
307539.71969825,1.998000021558255,1.2494580005295575,11.193516322544511
307539.754065833,2.0056249923072755,1.257791998796165,11.193516322544511
307539.7884295,2.2532909642904997,1.281334029044956,11.193516322544511
307539.82279475,2.0456669735722244,1.2732500326819718,11.193516322544511
307539.856659625,2.387207990977913,1.2667080154642463,11.193516322544511
307539.891024833,2.111125038936734,1.2522919569164515,11.193516322544511
307539.925396166,2.0324159995652735,1.2477499549277127,11.193516322544511
307539.959759666,2.246209012810141,1.2676659971475601,11.193516322544511
307539.9941345,1.8891250365413725,1.2987079680897295,11.193516322544511
307540.028104625,1.861250028014183,1.357708009891212,11.193516322544511
307540.062473541,2.2472499986179173,1.3821249594911933,11.193516322544511
307540.096396,2.061749983113259,1.2561670155264437,11.193516322544511
307540.129995041,2.2033749846741557,1.2541249743662775,11.193516322544511
307540.164295791,2.1587920491583645,1.3289579655975103,11.193516322544511
307540.198232916,1.9923750078305602,1.2747920118272305,28.09972814611486
307540.232601666,2.373041003011167,1.249041990377009,29.4783067150926
307540.266976375,2.325916022527963,1.2486249906942248,28.126955363741246
307540.301344083,2.04995897365734,1.2740829843096435,26.003403240189126
307540.335714875,2.1011250209994614,1.2574580032378435,23.622450859236743
307540.370078041,2.232083003036678,1.2696670019067824,21.241498478284356
307540.404439833,2.0604169694706798,1.3098750496283174,18.989246226032108
307540.438800875,1.8765419954434037,1.2612499995157123,16.736993973779853
307540.473167208,1.9909580005332828,1.2484999606385827,14.484741721527605
307540.506836208,2.497082983609289,1.283916993997991,12.168139404925284
307540.541205625,2.3314589634537697,1.2577080051414669,11.193516322544511
307540.574681125,2.0222089951857924,1.3172500184737146,11.193516322544511
307540.609051291,2.063542022369802,1.26616598572582,11.193516322544511
307540.643417708,2.0340829505585134,1.282875018659979,11.193516322544511
307540.677046375,2.196041983552277,1.2680420186370611,11.193516322544511
307540.711351458,2.366917033214122,1.3339999713934958,11.193516322544511
307540.745719666,2.4081249721348286,1.2630830169655383,19.776578532529463
307540.779444583,2.4053339730016887,1.253125024959445,28.899613899613904
307540.813811041,2.42154102306813,1.2980420142412186,27.805662805662806
307540.848174083,2.413665992207825,1.2721670209430158,25.68211068211069
307540.882535416,2.279000007547438,1.2846669997088611,23.429858429858434
307540.916639458,2.478457987308502,1.2567079975269735,20.98455598455599
307540.951006458,2.273791003972292,1.293584005907178,18.732303732303734
307540.985325166,2.2869579843245447,1.2874589883722365,16.480051480051486
307541.019690166,2.236542000900954,1.3175420463085175,14.163449163449165
307541.05405975,1.9679159740917385,1.2978339800611138,11.911196911196917
307541.088418666,2.0016670459881425,1.2619159533642232,11.193516322544511
307541.122561375,2.243666967842728,1.248791057150811,11.193516322544511
307541.156927916,2.2256250376813114,1.2670829892158508,11.193516322544511
307541.191297458,2.0507080480456352,1.2750419555231929,11.193516322544511
307541.225025666,1.3814580161124468,1.2608339893631637,11.193516322544511
307541.259374375,1.2622920330613852,1.2046659830957651,11.193516322544511
307541.293747416,1.2750000460073352,1.2543749762699008,11.193516322544511
307541.32809325,1.2611660058610141,1.2666669790633023,11.193516322544511
307541.362446958,1.2897090055048466,1.256333023775369,11.193516322544511
307541.395923083,1.3460839982144535,1.290040963795036,11.193516322544511
307541.429947833,1.445624977350235,1.287124992813915,11.193516322544511
307541.464306125,1.680124958511442,1.261750003322959,11.193516322544511
307541.498042375,1.9050000119023025,1.2639999622479081,11.193516322544511
307541.53240725,1.7861670348793268,1.2835829984396696,11.193516322544511
307541.566789458,2.2847080253995955,1.245125022251159,11.193516322544511
307541.601180375,2.175458997953683,1.260416000150144,11.193516322544511
307541.63560175,2.022832981310785,1.2880000285804272,11.193516322544511
307541.669035625,1.7918329685926437,1.268249994609505,11.193516322544511
307541.703028458,2.3123330320231616,1.2457499979063869,11.193516322544511
307541.737393416,1.8027080222964287,1.2561669573187828,11.193516322544511
307541.771752958,2.0160830463282764,1.2500419979915023,11.193516322544511
307541.806122416,2.004292036872357,1.3250409974716604,11.193516322544511
307541.840490541,1.9983749953098595,1.2803749996237457,11.193516322544511
307541.874712875,1.9847499788738787,1.31537503330037,11.193516322544511
307541.909079958,2.3748339735902846,1.2485409970395267,11.193516322544511
307541.943077583,2.253957965876907,1.2927500065416098,11.193516322544511
307541.97667325,2.368665998801589,1.2379169929772615,11.193516322544511
307542.010311458,2.081667014863342,1.257374999113381,11.193516322544511
307542.044525,2.2324169985949993,1.2576660374179482,11.193516322544511
307542.078694833,2.2832920076325536,1.2765409774146974,11.193516322544511
307542.113062291,2.287291979882866,1.2351670302450657,11.193516322544511
307542.146869208,2.2606669808737934,1.2452080263756216,11.193516322544511
307542.180817458,2.3292500409297645,1.2658750056289136,11.193516322544511
307542.214976958,2.305332978721708,1.2803749996237457,11.193516322544511
307542.249348958,2.369791967794299,1.2530410313047469,11.193516322544511
307542.282756,1.8023750162683427,1.2529579689726233,11.193516322544511
307542.316550333,1.9123749807476997,1.2469160137698054,11.193516322544511
307542.350410208,1.8729169969446957,1.2657499755732715,11.193516322544511
307542.384415,1.9534999737516046,1.259292010217905,11.193516322544511
307542.418141416,1.927417004480958,1.318291004281491,11.193516322544511
307542.452505583,2.217708039097488,1.2670829892158508,11.193516322544511
307542.486871791,2.0071250037290156,1.246666011866182,11.193516322544511
307542.521245791,2.095791045576334,1.237874967046082,11.193516322544511
307542.555615416,2.0347500103525817,1.256040995940566,11.193516322544511
307542.589968,1.978082989808172,1.2857919791713357,11.193516322544511
307542.624327125,1.9872499979101121,1.2857909896411002,11.193516322544511
307542.658693125,2.3051250027492642,1.2796249939128757,11.193516322544511
307542.692454208,2.067833032924682,1.2605420197360218,11.193516322544511
307542.726323458,2.183333970606327,1.264040998648852,11.193516322544511
307542.759965083,2.1857910323888063,1.2782919802702963,11.193516322544511
307542.793753208,2.209707978181541,1.2608339893631637,11.193516322544511
307542.827583125,2.229040954262018,1.262917008716613,11.193516322544511
307542.861948083,1.9678749958984554,1.2877089902758598,11.193516322544511
307542.896162833,1.9935410236939788,1.268208958208561,11.193516322544511
307542.929679833,2.329082984942943,1.2488749925978482,11.193516322544511
307542.964045791,2.1777910296805203,1.2759590172208846,11.193516322544511
307542.998415833,2.2751670330762863,1.2564579956233501,11.193516322544511
307543.032779541,1.7999999690800905,1.2511250097304583,11.193516322544511
307543.066830416,2.3405830143019557,1.258208998478949,11.193516322544511
307543.101197541,1.8436670070514083,1.2718330253846943,11.193516322544511
307543.135615916,1.7951669869944453,1.25420797849074,11.193516322544511
307543.16997525,1.4552079956047237,1.2578339665196836,11.193516322544511
307543.2043345,1.1771669960580766,1.2348330346867442,11.193516322544511
307543.238693166,1.226667023729533,1.2626249808818102,11.105604234632423
307543.273049833,1.229583052918315,1.283041958231479,10.578131707159898
307543.307405958,1.3141660019755363,1.258083968423307,10.13857126759946
307543.341759416,1.2494160328060389,1.2669169809669256,9.874835003863197
307543.376118583,1.5363750280812383,1.2430409551598132,9.523186652214847
307543.41046925,1.130125019699335,1.1978750117123127,9.259450388478584
307543.444524875,1.1356249451637268,1.2438330450095236,9.259450388478584
307543.47888275,1.155083009507507,1.2866249890066683,9.259450388478584
307543.513240583,1.1598339769989252,1.2571249972097576,9.259450388478584
307543.547603416,1.2895420077256858,1.2867500190623105,9.259450388478584
307543.581970416,1.428582996595651,1.2332919868640602,9.259450388478584
307543.616032,1.5311669558286667,1.2485000188462436,9.259450388478584
307543.649574291,1.4947919989936054,1.3082909863442183,9.259450388478584
307543.683943666,1.7816249746829271,1.284583006054163,9.259450388478584
307543.717513416,1.743583008646965,1.2620000052265823,9.259450388478584
307543.751867958,1.5297079808078706,1.2677920167334378,9.259450388478584
307543.786249291,1.7873329925350845,1.2721249950118363,9.259450388478584
307543.820616625,1.8780830432660878,1.2618749751709402,9.259450388478584
307543.854995166,1.626291952561587,1.2775830109603703,9.259450388478584
307543.889043458,1.7838340136222541,1.2493749964050949,9.259450388478584
307543.922490583,1.8153339624404907,1.3405830250121653,9.259450388478584
307543.956859041,1.6187499859370291,1.26466597430408,9.259450388478584
307543.990584541,1.620875031221658,1.285291975364089,9.259450388478584
307544.024952625,1.835457980632782,1.3411249965429306,9.259450388478584
307544.058835875,1.8918330315500498,1.3895839801989496,9.259450388478584
307544.092984,1.649125013500452,1.2915419647470117,9.259450388478584
307544.126953958,1.8422080320306122,1.2757920194417238,9.259450388478584
307544.161192458,1.728000002913177,1.2427910114638507,9.259450388478584
307544.195552875,1.7768749967217445,1.4197499840520322,9.259450388478584
307544.229919291,1.7844169633463025,1.3387910439632833,9.259450388478584
307544.263323958,1.7827920382842422,1.256749965250492,9.259450388478584
307544.297695208,1.7934999777935445,1.232084003277123,9.259450388478584
307544.332062958,1.7774589941836894,1.298666000366211,9.259450388478584
307544.365803625,1.759124977979809,1.3118750066496432,9.259450388478584
307544.400161375,1.7501250258646905,1.318999973591417,9.259450388478584
307544.4345285,1.6372500103898346,1.2694590259343386,9.259450388478584
307544.468673916,1.7280839965678751,1.2590829865075648,9.259450388478584
307544.50279725,1.6391249955631793,1.2717500212602317,9.259450388478584
307544.5363145,1.7009169678203762,1.3153330073691905,9.259450388478584
307544.570314208,1.8100839806720614,1.2457499979063869,9.259450388478584
307544.604679583,1.8578339950181544,1.279457996133715,9.259450388478584
307544.639046666,1.7627920024096966,1.2570000253617764,9.171538300566496
307544.673416083,1.6122080269269645,1.3267920003272593,8.380329509357693
307544.707781541,1.847082981839776,1.2831250205636024,7.149560278588467
307544.741996333,1.6508750268258154,1.2620000052265823,5.56714269617089
307544.776355541,1.6940829809755087,1.309624989517033,3.8968130258412117
307544.810300791,1.8183750216849148,1.3349580112844706,2.4023075313357225
307544.844663416,1.6438749735243618,1.263541984371841,1.3885270003434016
307544.878027916,1.7117090173996985,1.271165965590626,0.7731423849587884
307544.912394416,1.8900829600170255,1.358125009573996,0.3025412087911983
307544.946096416,1.8229590496048331,1.3319579884409904,0.7625276334994453
307544.980047458,1.719375024549663,1.2575829750858247,1.2020880730598833
307545.014419875,1.6677079838700593,1.3139580260030925,1.3779122488840585
307545.048234666,1.635249995160848,1.281083037611097,1.3779122488840585
307545.082476666,1.4662499888800085,1.212958013638854,1.3779122488840585
307545.116847041,1.0614999919198453,1.2090830132365227,1.290000160971971
307545.151209916,1.3246250455267727,1.2424589949660003,1.2020880730598833
307545.185567333,1.6515420284122229,1.2603329960256815,1.2020880730598833
307545.2199235,1.4505829894915223,1.2936670100316405,1.1141759851477957
307545.254281791,1.4012919855304062,1.2362080160528421,1.026263897235708
307545.288651125,1.65816699154675,1.2445420143194497,0.7731423849587884
307545.322213625,1.4550419873557985,1.2468330096453428,0.7731423849587884
307545.355632666,1.6185000422410667,1.2315419735386968,0.7731423849587884
307545.389998291,1.4769999543204904,1.2659170315600932,0.7731423849587884
307545.424377625,1.786166976671666,1.2675829930230975,0.7731423849587884
307545.458507041,1.9374170224182308,1.2645410024560988,0.7731423849587884
307545.492888791,1.7762909992597997,1.3308750349096954,0.7731423849587884
307545.527261791,1.7610000213608146,1.3108329731039703,0.7731423849587884
307545.561615583,1.121792010962963,1.208915957249701,0.7731423849587884
307545.595978041,1.2068750220350921,1.274458016268909,0.7731423849587884
307545.6303225,1.1427910067141056,1.2588340323418379,0.7731423849587884
307545.664680333,1.194833021145314,1.2493329704739153,0.7731423849587884
307545.698505291,1.2060829903930426,1.2642090441659093,0.7731423849587884
307545.7328805,1.3766659540124238,1.2953340192325413,0.7731423849587884
307545.766805291,1.5514160040766,1.2467919732443988,0.7731423849587884
307545.800557875,1.8391250050626695,1.3456669985316694,0.7731423849587884
307545.834938916,1.530792040284723,1.254167000297457,0.7731423849587884
307545.869304958,1.6088330303318799,1.2886669719591737,0.7731423849587884
307545.903679,1.6334999818354845,1.2560419854708016,0.7731423849587884
307545.937473166,1.638667017687112,1.282749988604337,0.7731423849587884
307545.971852791,1.7958339885808527,1.2655829777941108,0.7731423849587884
307546.0052205,1.4879159862175584,1.2910839868709445,0.7731423849587884
307546.039589791,1.7765419906936586,1.3111670268699527,0.7731423849587884
307546.073956416,1.680250046774745,1.2699579820036888,0.7731423849587884
307546.10774075,1.743166008964181,1.2627499527297914,0.7731423849587884
307546.142107083,1.7504169954918325,1.2604999938048422,0.7731423849587884
307546.176476916,1.6058339970186353,1.2837080284953117,0.7731423849587884
307546.210841,1.857625029515475,1.3447090168483555,0.7731423849587884
307546.245206208,1.822791004087776,1.283459016121924,0.7731423849587884
307546.279572083,1.7855000332929194,1.2720839586108923,0.7731423849587884
307546.313939666,1.7979579861275852,1.2711250456050038,0.7731423849587884
307546.348307458,1.7132500070147216,1.2939170119352639,0.7731423849587884
307546.382673375,1.900582981761545,1.398624968715012,0.7731423849587884
307546.417041166,1.8463750020600855,1.2655419996008277,0.7731423849587884
307546.45140275,1.7824999522417784,1.2540410389192402,0.7731423849587884
307546.485312625,1.5579579630866647,1.2647080002352595,0.7731423849587884
307546.519684833,1.5773340128362179,1.2522499891929328,0.7731423849587884
307546.554054833,1.6765000182203948,1.2792079942300916,0.7731423849587884
307546.588412625,1.5783339622430503,1.2794580543413758,0.7731423849587884
307546.622480041,1.486582972574979,1.2714170152321458,0.7731423849587884
307546.656850708,1.8222910002805293,1.2780840042978525,0.7731423849587884
307546.690878375,1.5946250059641898,1.2525420170277357,0.7731423849587884
307546.724815375,1.613540982361883,1.2894590036012232,0.7731423849587884
307546.759177083,1.6538329655304551,1.2871670187450945,0.7731423849587884
307546.79354775,1.6108750132843852,1.2659169733524323,0.7731423849587884
307546.826953166,1.912207982968539,1.2673750170506537,0.7731423849587884
307546.861237041,1.7718750168569386,1.289667037781328,0.7731423849587884
307546.895633041,1.6652920166961849,1.2563749914988875,1.2234432234432226
307546.929999375,1.8717920174822211,1.271583023481071,2.556776556776555
307546.963776666,1.778292004019022,1.242250029463321,3.8021978021977993
307546.997242625,1.7647090135142207,1.2698749778792262,4.520146520146515
307547.031613375,1.801749982405454,1.2709160218946636,5.1501831501831425
307547.065982541,1.8037079717032611,1.3574589975178242,5.428571428571422
307547.100340916,1.538334006909281,1.2355409562587738,5.619047619047613
307547.13384425,1.5849160263314843,1.2723749969154596,5.809523809523805
307547.168205125,1.569500018376857,1.2689169961959124,5.9999999999999964
307547.202577625,1.6233750502578914,1.3103329692967236,6.014652014652013
307547.236116708,1.8609169637784362,1.2964170309714973,6.117216117216115
307547.269504833,1.636000000871718,1.2553330161608756,6.131868131868129
307547.3030875,1.5111659886315465,1.267625018954277,6.322344322344319
307547.337455166,1.8038749694824219,1.2691660085693002,6.161172161172158
307547.371816166,1.6019580070860684,1.2546670041047037,6.175824175824172
307547.4061855,1.6959590138867497,1.2580829788930714,6.190476190476185
307547.440159416,1.5068749780766666,1.272000023163855,6.205128205128201
307547.474036,1.7903749831020832,1.2687089620158076,6.2197802197802154
307547.508063666,1.6122919623740017,1.2877919944003224,6.1465201465201424
307547.542046916,1.624832977540791,1.2935420381836593,4.827838827838823
307547.576404875,1.674500002991408,1.3311670045368373,3.5091575091575047
307547.61029275,1.7560410196892917,1.2639170163311064,1.3846153846153801
307547.644040208,1.8031669897027314,1.2927909847348928,0.6852302970467008
307547.677875,1.7694999696686864,1.2910410296171904,1.8095238095238138
307547.71211975,1.7664170009084046,1.2437920086085796,2.7032967032967075
307547.74603075,1.1440420057624578,1.1924159480258822,3.333333333333337
307547.780400875,1.1743750073947012,1.2283750111237168,3.699633699633703
307547.814756416,1.1773750302381814,1.260249991901219,3.978021978021981
307547.849119458,1.21554103679955,1.2679590145125985,4.1684981684981715
307547.883477041,1.2052080128341913,1.2714170152321458,4.2710622710622745
307547.917852958,1.3735420070588589,1.2412499636411667,4.373626373626378
307547.952231875,1.5532500110566616,1.2755419593304396,4.300366300366305
307547.986131541,1.5436249668709934,1.252708025276661,4.402930402930409
307548.019627583,1.7038329970091581,1.2584590003825724,4.417582417582423
307548.053979,1.166165980976075,1.2013340019620955,4.43223443223444
307548.08834075,1.2063339818269014,1.268707972485572,4.446886446886452
307548.12271675,1.6449590330012143,1.2735829805023968,4.373626373626378
307548.156133666,1.4155420358292758,1.2486249906942248,4.3882783882783905
307548.190495291,1.209957990795374,1.251292007509619,4.402930402930405
307548.224855166,1.1487500160001218,1.2581669725477695,4.3296703296703285
307548.259212541,1.1602910235524178,1.2615000014193356,3.010989010989011
307548.293574208,1.1558330152183771,1.2409999617375433,1.780219780219781
307548.326930208,1.260999997612089,1.2635000166483223,0.9010989010989015
307548.361210958,1.3796250568702817,1.2544579803943634,0.5973182091346132
307548.395579166,1.4548749895766377,1.3120839721523225,0.5973182091346132
307548.429947291,1.563625002745539,1.2549589737318456,0.5973182091346132
307548.464167333,1.8464999739080667,1.2812500353902578,0.5094061212225256
307548.498428458,1.7809999990276992,1.3494999730028212,0.5094061212225256
307548.53279625,1.7566669848747551,1.2666250113397837,0.47836538461537437
307548.566570166,1.8614580039866269,1.2323749833740294,0.566277472527462
307548.600168041,1.7668749787844718,1.4127500471659005,0.566277472527462
307548.634538,1.506458967924118,1.2771250330843031,0.566277472527462
307548.66852675,1.8049589707516134,1.2627909891307354,0.566277472527462
307548.702403333,1.4657499850727618,1.2854170054197311,0.566277472527462
307548.735862875,1.5862500295042992,1.325791992712766,0.566277472527462
307548.770232041,1.63966603577137,1.3276669778861105,0.566277472527462
307548.8046,1.5579169848933816,1.34041701676324,0.566277472527462
307548.838821416,1.4785000239498913,1.2595420121215284,0.566277472527462
307548.872393708,1.5735409688204527,1.315334055107087,1.2234432234432226
307548.906760125,1.782334002200514,1.316457986831665,2.556776556776555
307548.941127,1.7751670093275607,1.3351249508559704,3.7142857142857117
307548.974902833,1.6198750236071646,1.322207972407341,4.432234432234427
307549.009274125,1.8348339945077896,1.1947080492973328,4.974358974358967
307549.043638333,1.6319999704137444,1.2530829990282655,5.340659340659334
307549.077200166,1.7333339783363044,1.2764580314978957,5.619047619047613
307549.110635041,1.7921660328283906,1.3358749565668404,5.809523809523805
307549.145002083,1.737374986987561,1.337749999947846,5.912087912087909
307549.179125958,1.788749999832362,1.2476249830797315,6.014652014652013
307549.213491916,1.5707089914940298,1.2712079915218055,6.117216117216115
307549.247141875,1.515874988399446,1.3032910064794123,6.131868131868129
307549.281509875,1.7165419994853437,1.267208019271493,6.23443223443223
307549.315281708,1.707750023342669,1.2907079653814435,6.2490842490842455
307549.349028958,1.726208021864295,1.2800419935956597,6.263736263736259
307549.383391333,1.7927500302903354,1.2486249906942248,6.190476190476185
307549.417758166,1.828709035180509,1.250249973963946,6.117216117216112
307549.451992708,1.7470000311732292,1.2500829761847854,6.131868131868128
307549.486367833,1.6581249656155705,1.3292920193634927,6.1465201465201424
307549.520735333,1.6532079898752272,1.2691669980995357,6.161172161172157
307549.555112083,1.5801250119693577,1.2576669687405229,6.087912087912083
307549.588614625,1.597291964571923,1.3108330313116312,6.190476190476185
307549.62298175,1.8278330098837614,1.2652499717660248,6.029304029304024
307549.656798416,1.6399580053985119,1.2981249601580203,6.131868131868126
307549.691167166,1.6645830473862588,1.2711669551208615,6.146520146520141
307549.725538875,1.8158329767175019,1.2282090028747916,6.161172161172156
307549.759906958,1.7955829971469939,1.2602500501088798,6.087912087912084
307549.79428075,1.8092080135829747,1.2543749762699008,6.102564102564099
307549.828645291,1.8509580404497683,1.2746249558404088,6.029304029304026
307549.863016791,1.8487080233171582,1.23999995412305,6.131868131868128
307549.896763791,1.7625840264372528,1.2580829788930714,6.146520146520141
307549.931115416,1.114833983592689,1.2359999818727374,6.161172161172155
307549.965483625,1.203874999191612,1.254167000297457,6.0879120879120805
307549.999831541,1.163667009677738,1.293957990128547,6.102564102564093
307550.034173916,1.2400419800542295,1.2594999861903489,6.0293040293040185
307550.068530625,1.2058340362273157,1.2548330123536289,6.043956043956033
307550.102907208,1.314332999754697,1.2362079578451812,6.058608058608048
307550.136851708,1.482207968365401,1.280709053389728,5.985347985347971
307550.171224916,1.5240409993566573,1.2991249677725136,5.999999999999986
307550.205591708,1.7340839840471745,1.2502080062404275,6.014652014652
307550.239954916,1.764291024301201,1.2568339589051902,5.941391941391924
307550.274042166,1.6472089919261634,1.275499991606921,5.868131868131854
307550.307614041,1.7197499983012676,1.3148339930921793,5.882783882783869
307550.341502208,1.827916014008224,1.2738750083371997,4.652014652014639
307550.375868333,1.9065000233240426,1.2724159751087427,3.245421245421234
307550.410206041,1.8779159872792661,1.2503750040195882,2.454212454212442
307550.444094041,1.628833997529,1.298791030421853,1.9267399267399128
307550.478318875,1.7833749880082905,1.2702500098384917,1.4871794871794748
307550.512165,1.5133749693632126,1.2662500375881791,1.223443223443212
307550.546813541,1.7503330018371344,1.3325419859029353,1.0476190476190368
307550.581172875,1.5095420530997217,1.2530829990282655,1.0368786486950512
307550.615539458,1.5359999961219728,1.307041966356337,1.0368786486950512
307550.64912275,1.4869170263409615,1.3221660046838224,1.0836262126544085
307550.683461916,1.5429159975610673,1.3259589904919267,1.5231866522148465
307550.717827875,1.6760829603299499,1.210042042657733,1.874835003863197
307550.752187375,1.634916989132762,1.2611249694600701,2.2264833555115473
307550.785871166,1.6302919830195606,1.2600410263985395,2.314395443423635
307550.820270583,1.762332976795733,1.3340840232558548,2.314395443423635
307550.854638125,1.8331669853068888,1.2773749767802656,2.314395443423635
307550.889006375,1.554667018353939,1.298749994020909,2.314395443423635
307550.923372666,1.700791995972395,1.2556660221889615,2.314395443423635
307550.957741458,1.601374999154359,1.2873749947175384,2.314395443423635
307550.992109791,1.927834004163742,1.2967910151928663,2.314395443423635
307551.026075416,1.8428749754093587,1.3220830005593598,2.314395443423635
307551.060446458,1.6626659780740738,1.2747920118272305,2.314395443423635
307551.0946165,1.7226249910891056,1.32583302911371,2.314395443423635
307551.128992958,1.8155000288970768,1.2802910059690475,2.314395443423635
307551.163367666,1.6622910043224692,1.305541954934597,2.314395443423635
307551.197739541,1.8128330120816827,1.2520839809440076,2.314395443423635
307551.232104833,1.733041019178927,1.2924589682370424,2.314395443423635
307551.2664735,1.7577080288901925,1.370374986436218,2.4023075313357225
307551.300839333,1.6970839933492243,1.287874998524785,2.49021961924781
307551.334281791,1.903959026094526,1.2559160240925848,2.49021961924781
307551.368650791,1.812708971556276,1.3510000426322222,2.49021961924781
307551.402608708,1.51983299292624,1.2652089935727417,2.49021961924781
307551.436582083,1.5894579701125622,1.3401249889284372,2.49021961924781
307551.470335333,1.577707997057587,1.2526670470833778,2.49021961924781
307551.504704666,1.8813330098055303,1.3612500042654574,2.49021961924781
307551.539069583,1.7590000061318278,1.3133329921402037,2.49021961924781
307551.573034458,1.7941670375876129,1.2569579994305968,2.49021961924781
307551.607402208,1.599790994077921,1.321833988185972,2.49021961924781
307551.64177375,1.7122499994002283,1.2784579885192215,2.49021961924781
307551.67613975,1.8208330147899687,1.3018749887123704,2.49021961924781
307551.710507416,1.7749170074239373,1.3380830059759319,2.49021961924781
307551.74729325,1.4201670419424772,3.633082960732281,2.49021961924781
307551.781649291,1.1938340030610561,1.2268749997019768,2.49021961924781
307551.816008833,1.6094580059871078,1.2521249591372907,2.49021961924781
307551.850391291,1.6631250036880374,1.2413749936968088,2.49021961924781
307551.884773625,1.7250829841941595,1.2865840108133852,2.49021961924781
307551.918889208,1.8496659467928112,1.3081670040264726,2.49021961924781
307551.953265916,1.6875840374268591,1.2760829995386302,2.49021961924781
307551.986839416,1.7285830108448863,1.264417020138353,2.49021961924781
307552.021225583,1.682667003478855,1.2629160191863775,2.49021961924781
307552.055606,1.753958989866078,1.274875015951693,2.49021961924781
307552.089996375,1.7734169960021973,1.329916005488485,2.49021961924781
307552.124140125,1.1075420188717544,1.2203329824842513,2.49021961924781
307552.158506416,1.1223329929634929,1.2314580380916595,2.49021961924781
307552.192868958,1.1562500149011612,1.2659580097533762,2.49021961924781
307552.226960166,1.2072920217178762,1.2579580070450902,2.49021961924781
307552.261306166,1.2523329933173954,1.273999980185181,2.49021961924781
307552.295662375,1.3247919850982726,1.2197500327602029,2.49021961924781
307552.330020625,1.4636249979957938,1.2595829903148115,2.49021961924781
307552.363723166,1.4830409782007337,1.252334041055292,2.49021961924781
307552.398090625,1.5121659962460399,1.2638340122066438,2.49021961924781
307552.432457833,1.745666959322989,1.2769169989041984,2.49021961924781
307552.466820291,1.8316670320928097,1.2565419892780483,2.49021961924781
307552.501194333,1.836499955970794,1.2938330182805657,2.49021961924781
307552.535044875,1.6140000079758465,1.2679589563049376,2.49021961924781
307552.569411125,2.184790966566652,1.3178750523366034,26.11081352872124
307552.603767583,1.9885000074282289,1.2601669877767563,29.993107229893116
307552.638135166,2.4100419832393527,1.2500830343924463,29.60700684379273
307552.672498875,2.0842920057475567,1.2599159963428974,28.126955363741246
307552.706865541,2.3626249749213457,1.2822090066038072,25.874703111488994
307552.74029475,2.0455839694477618,1.2902499875053763,23.493750730536618
307552.774346625,2.1478330017998815,1.2952500255778432,21.11279834958423
307552.808710875,2.3988750181160867,1.2763339909724891,18.731845968631852
307552.843076791,2.420458011329174,1.244459010194987,16.350893587679472
307552.876976416,2.305665984749794,1.2601250200532377,13.969941206727093
307552.911339875,2.3045410052873194,1.257458992768079,11.653338890124779
307552.94572175,1.849166990723461,1.2415419914759696,9.272386509172392
307552.980101375,1.7534170183353126,1.2529999949038029,6.891434128220013
307553.013944916,1.7283339984714985,1.2553330161608756,4.7035319403178235
307553.048323958,1.7499160021543503,1.31387502187863,3.030430267216147
307553.082094333,1.6770000220276415,1.2529589585028589,2.49021961924781
307553.1164515,1.461624982766807,1.2750839814543724,2.49021961924781
307553.150812916,1.4059999957680702,1.3082500081509352,2.49021961924781
307553.185176833,1.2219169875606894,1.2547910446301103,2.49021961924781
307553.218667,1.1222080211155117,1.2334579951129854,2.49021961924781
307553.253025291,1.1941659613512456,1.3076250324957073,2.49021961924781
307553.287368041,1.1414590408094227,1.2620409834198654,2.49021961924781
307553.321723666,1.2201659847050905,1.2780840042978525,2.49021961924781
307553.356090333,1.3620000099763274,1.244832994416356,2.49021961924781
307553.390454833,1.501458988059312,1.2428750051185489,2.49021961924781
307553.4248275,1.9254159997217357,1.3092919834889472,25.21234951731168
307553.458662166,2.3384999949485064,1.2244160170666873,29.800514800514804
307553.492045708,2.1077499841339886,1.2967500369995832,29.543114543114548
307553.526424958,2.1331249736249447,1.2483340105973184,28.127413127413128
307553.560665875,2.407207968644798,1.2840420240536332,25.87516087516088
307553.59458825,2.4845830048434436,1.2589999823831022,23.429858429858434
307553.628118041,2.1887499606236815,1.2608329998329282,21.11325611325612
307553.662335708,2.046832989435643,1.2681669904850423,18.7966537966538
307553.69607975,2.108457963913679,1.3032919960096478,16.41570141570142
307553.730442583,2.333125041332096,1.3361249584704638,13.970398970398975
307553.763896833,2.14545801281929,1.3355420087464154,11.589446589446595
307553.797702625,2.084458013996482,1.2479169527068734,9.272844272844274
307553.832069583,1.7539580003358424,1.3136669876985252,6.891891891891895
307553.866437833,1.6270419582724571,1.32379203569144,4.575289575289581
307553.900807583,1.785959000699222,1.3757080305367708,2.837837837837842
307553.935183708,1.7771669663488865,1.3021660270169377,2.49021961924781
307553.969502166,1.8509159563109279,1.1990420171059668,2.49021961924781
307554.003874375,1.4545000158250332,1.2631669524125755,2.49021961924781
307554.038264333,1.6031250124797225,1.2587499804794788,2.49021961924781
307554.07263525,1.8957910360768437,1.3028749963268638,2.49021961924781
307554.10615175,1.773624971974641,1.3445829972624779,2.49021961924781
307554.140515958,1.5658749616704881,1.265416038222611,2.49021961924781
307554.174099375,1.7509580357000232,1.265041995793581,2.49021961924781
307554.208470708,1.7554580117575824,1.2691669980995357,2.49021961924781
307554.242345875,1.7848339630290866,1.2523329933173954,2.49021961924781
307554.275782041,1.7589160124771297,1.2807919993065298,2.49021961924781
307554.309483541,1.1041249963454902,1.2074160040356219,2.49021961924781
307554.343626833,1.0994169861078262,1.217665965668857,2.49021961924781
307554.377974041,1.1569579946808517,1.2339589884504676,2.49021961924781
307554.41231725,1.2025829637423158,1.25495798420161,2.49021961924781
307554.446248375,1.1412500170990825,1.2441669823601842,2.49021961924781
307554.479730333,1.3137920177541673,1.2637499603442848,2.49021961924781
307554.514090083,1.4997910475358367,1.2534999987110496,2.49021961924781
307554.548453416,1.5537500148639083,1.261125027667731,2.49021961924781
307554.582826791,1.5114169800654054,1.2653330340981483,2.49021961924781
307554.61720175,1.5739169903099537,1.2840830022469163,2.49021961924781
307554.651584833,1.8545410130172968,1.2605419615283608,2.49021961924781
307554.685946583,1.94191699847579,1.2625419767573476,2.49021961924781
307554.720332458,1.7035829951055348,1.2988750240765512,2.49021961924781
307554.754701666,1.6380410525016487,1.3003749772906303,2.49021961924781
307554.789070125,1.5643329825252295,1.2767090229317546,2.49021961924781
307554.823433166,1.6101659857667983,1.2800000258721411,2.49021961924781
307554.857135875,1.5692079905420542,1.2843750300817192,2.49021961924781
307554.891501583,1.791000016964972,1.2242500088177621,2.49021961924781
307554.925869833,1.897374982945621,1.2485830229707062,2.49021961924781
307554.96023375,1.7936670337803662,1.3222499983385205,2.49021961924781
307554.993671041,1.8501249724067748,1.2568749953061342,2.49021961924781
307555.028045,1.6386660281568766,1.2545419740490615,2.49021961924781
307555.06194975,1.8541670287959278,1.262500009033829,2.49021961924781
307555.095887375,1.7653749673627317,1.276249997317791,2.49021961924781
307555.130263333,1.8303749966435134,1.2659580097533762,2.49021961924781
307555.16416075,1.669083023443818,1.269083993975073,2.490450345552759
307555.197846333,1.8632910214364529,1.268666994292289,2.4906810718577077
307555.232056083,1.5545000205747783,1.2591250124387443,2.4909117981626565
307555.265888666,1.8210829584859312,1.2574170250445604,2.4911425244676053
307555.299357125,1.7776669701561332,1.244083046913147,2.491373250772554
307555.3334995,2.2477919701486826,1.2660420034080744,2.5002226777127987
307555.367379333,1.8638329929672182,1.2560830218717456,2.612496512276678
307555.401751875,1.7357500037178397,1.2480830191634595,3.388410295758817
307555.43611475,1.4607919729314744,1.2843750300817192,4.388410295758817
307555.469965791,1.6332499799318612,1.3014579890295863,5.388410295758817
307555.50434075,1.6304999589920044,1.269041036721319,6.388410295758817
307555.538698166,1.5369169996120036,1.2615409796126187,7.388410295758817
307555.573062125,1.5772080514580011,1.2665419490076602,8.388410295758817
307555.606885166,1.738124992698431,1.262041972950101,9.388410295758817
307555.641252166,2.0781250204890966,1.2807919993065298,10.388410295758817
307555.67562375,2.3329589748755097,1.2525829952210188,11.388410295758817
307555.709983041,1.8987919902428985,1.3408749946393073,12.388410295758817
307555.743985708,2.292332996148616,1.2648340198211372,12.681318681318686
307555.778348375,2.3193330271169543,1.2634999584406614,12.593406593406598
307555.812093875,1.9468750106170774,1.3630829635076225,12.329670329670336
307555.846077666,2.080291975289583,1.300916017498821,12.065934065934073
307555.880437208,2.063875028397888,1.290624961256981,11.80219780219781
307555.913985791,2.499458030797541,1.2594999861903489,11.538461538461547
307555.947698625,2.034542034380138,1.3021670165471733,11.570619687929252
307555.982068458,2.16374994488433,1.2625420349650085,12.570619687929252
307556.016188041,2.1862079738639295,1.3279170379973948,13.570619687929252
307556.050553583,1.9977499614469707,1.2431250070221722,14.570619687929252
307556.084918375,1.9745000172406435,1.2640830245800316,15.570619687929252
307556.119285916,1.8954169936478138,1.2627500109374523,16.570619687929252
307556.153660375,2.1192090352997184,1.2637909967452288,17.570619687929252
307556.188020541,2.332207979634404,1.247042033355683,18.043956043956044
307556.222025833,2.0934580243192613,1.2522920151241124,17.956043956043956
307556.255950541,2.0786660024896264,1.265666971448809,17.956043956043956
307556.2903355,2.390249981544912,1.221249985974282,17.86813186813187
307556.324692666,1.9275409867987037,1.2627089745365083,17.86813186813187
307556.359048625,1.8742499523796141,1.2479590368457139,17.86813186813187
307556.393414,2.0451670279726386,1.2759999954141676,17.86813186813187
307556.42778,1.9753340166062117,1.2588329846039414,17.86813186813187
307556.461716708,2.4218750186264515,1.2633340083993971,17.86813186813187
307556.496068083,1.276915951166302,1.1967500322498381,17.86813186813187
307556.530432625,1.245457970071584,1.250125002115965,17.86813186813187
307556.564790916,1.2574169668368995,1.2211670400574803,17.86813186813187
307556.599145916,1.2800419935956597,1.2617920292541385,17.86813186813187
307556.6335025,1.3490829733200371,1.260666991584003,17.86813186813187
307556.667846208,1.3957080082036555,1.265375001821667,17.86813186813187
307556.702044791,1.7731250263750553,1.2985839857719839,17.86813186813187
307556.735735375,1.8017080146819353,1.4685000060126185,17.86813186813187
307556.769894666,6.801709008868784,1.388832984957844,17.86813186813187
307556.804254375,1.2589580146595836,1.2137499870732427,17.712798066191624
307556.838634958,1.7751660197973251,1.261416997294873,16.833493410885993
307556.872990791,1.7852919991128147,1.229582994710654,15.833526946686135
307556.906890125,1.8078749999403954,1.2650000280700624,14.842179183121573
307556.940523458,1.9457080052234232,1.2772500049322844,13.85945012019232
307556.974902166,2.499666006769985,1.20245898142457,12.876721057263069
307557.009279,2.4413749924860895,1.1750840349122882,11.893991994333817
307557.043687583,2.1873749792575836,1.286041981074959,10.894025530133959
307557.07791075,1.8440830172039568,1.2938749860040843,9.894059065934101
307557.112292041,1.8672090373001993,1.3124579563736916,8.894092601734243
307557.146662833,1.8782499828375876,1.2534590205177665,8.813186813186817
307557.181034125,1.825292012654245,1.2820829870179296,8.813186813186817
307557.215419375,1.623000018298626,1.2624170049093664,8.813186813186817
307557.249793625,1.6296249814331532,1.3270829804241657,8.813186813186817
307557.284152666,1.7524589784443378,1.3133329921402037,8.813186813186817
307557.318536333,1.8953749677166343,1.271541987080127,8.813186813186817
307557.352914,1.7099169781431556,1.2886669719591737,8.813186813186817
307557.387292958,1.8188750254921615,1.265792001504451,8.813186813186817
307557.42071775,1.7050830065272748,1.3312920345924795,8.813186813186817
307557.455102875,1.7714170389808714,1.2744999839924276,8.813186813186817
307557.489481416,1.6786250052973628,1.289375009946525,8.813186813186817
307557.523853958,1.7452500178478658,1.3672919594682753,8.813186813186817
307557.558232791,1.791040995158255,1.2747920118272305,8.813186813186817
307557.592614291,2.176000038161874,1.3165000127628446,8.813186813186817
307557.626344416,1.806250016670674,1.2760419631376863,8.813186813186817
307557.6607085,1.8238750053569674,1.32154201855883,8.813186813186817
307557.69508625,1.7817080370150506,1.30808399990201,8.813186813186817
307557.729466083,1.8124170019291341,1.260708027984947,8.813186813186817
307557.763778416,1.8678749911487103,1.2979580205865204,8.813186813186817
307557.797513583,1.8642499926500022,1.2871670187450945,8.813186813186817
307557.831927125,1.7951250192709267,1.2825420126318932,8.813186813186817
307557.865467458,1.759040984325111,1.2831250205636024,8.813186813186817
307557.899863666,1.6987090348266065,1.2836660025641322,8.813186813186817
307557.934095875,1.6864999779500067,1.248125045094639,8.813186813186817
307557.968466958,1.841207966208458,1.2920420267619193,8.813186813186817
307558.002260166,1.6374170081689954,1.326249970588833,8.813186813186817
307558.03665775,1.8398750107735395,1.2682079686783254,8.813186813186817
307558.07101225,1.3137500500306487,1.2301669921725988,8.813186813186817
307558.1053725,1.2262920499779284,1.2721659732051194,8.813186813186817
307558.13971675,1.125708979088813,1.226291002240032,8.813186813186817
307558.17406075,1.1188749922439456,1.260416000150144,8.813186813186817
307558.208423166,1.1323330109007657,1.2502919998951256,8.813186813186817
307558.2427795,1.1204159818589687,1.2410000199452043,8.813186813186817
307558.276974041,1.1772919679060578,1.2382080312818289,8.813186813186817
307558.311209291,1.1965829762630165,1.2743750121444464,8.813186813186817
307558.345582708,1.3105840189382434,1.2967499787919223,8.813186813186817
307558.379950666,1.4877079520374537,1.2486670166254044,8.813186813186817
307558.414344458,1.5045839827507734,1.2935830163769424,8.813186813186817
307558.448706,1.5732499887235463,1.284291036427021,8.813186813186817
307558.482452875,1.777875004336238,1.3498750049620867,8.813186813186817
307558.516825916,1.7485410207882524,1.3451249687932432,8.813186813186817
307558.550696,1.8001670250669122,1.3337499694898725,8.813186813186817
307558.584088541,1.456458994653076,1.2730829766951501,8.813186813186817
307558.618043333,1.6131249722093344,1.2768750311806798,8.813186813186817
307558.652402625,1.6042920178733766,1.2934160185977817,8.813186813186817
307558.686757958,1.4993329532444477,1.2485830229707062,8.813186813186817
307558.721109875,1.1106249876320362,1.2049999786540866,8.813186813186817
307558.755477375,1.143125002272427,1.2543750344775617,8.813186813186817
307558.789830583,1.1092499480582774,1.253875030670315,8.813186813186817
307558.824172666,1.1388749699108303,1.256040995940566,8.813186813186817
307558.858530541,1.1532080243341625,1.2578750029206276,8.813186813186817
307558.892886916,1.2331249890848994,1.3142499956302345,8.813186813186817
307558.9272575,1.3997500063851476,1.2533330009318888,8.813186813186817
307558.961228541,1.4945840230211616,1.2818329851143062,8.813186813186817
307558.995593,1.6223749844357371,1.256333023775369,8.813186813186817
307559.029959041,1.6716659883968532,1.249917026143521,8.813186813186817
307559.063979333,1.4996249810792506,1.3062090147286654,8.813186813186817
307559.097677583,1.5689159627072513,1.2910839868709445,9.576198703640202
307559.132037833,2.006292052101344,1.275832997635007,10.576198703640202
307559.166302125,1.7585839959792793,1.2629579869098961,11.576198703640202
307559.200669791,1.8845000304281712,1.2732080067507923,12.533105200463694
307559.235033708,1.9493750296533108,1.2962499749846756,13.403824690934158
307559.26940025,1.979959022719413,1.2338330270722508,14.093551468063282
307559.303360166,1.969084027223289,1.2977079604752362,14.154113098815344
307559.337289916,2.034125034697354,1.262791978660971,13.360995449862727
307559.371655916,2.102250000461936,1.3050420093350112,12.533402998368913
307559.405372083,2.033917000517249,1.2512909597717226,11.62824224115738
307559.439742291,2.340083010494709,1.2631670106202364,10.688606681404636
307559.47410375,1.8562080222181976,1.2803749996237457,9.723115019745975
307559.507653375,1.652040984481573,1.2758339871652424,8.813186813186817
307559.541086875,1.4871670282445848,1.3202910195104778,8.813186813186817
307559.575453041,1.7584589659236372,1.2794160284101963,8.813186813186817
307559.60982075,1.6407499788329005,1.2909999932162464,8.878549429086632
307559.644205,1.4973329962231219,1.3115830370225012,9.878549429086632
307559.677904583,2.088167006149888,1.3092500157654285,10.878549429086632
307559.712262208,2.223874966148287,1.258250034879893,11.878549429086632
307559.746231208,2.1894589881412685,1.2635409948416054,12.878549429086632
307559.780595166,2.4913749657571316,1.2961250031366944,13.878549429086632
307559.814168791,2.0704170456156135,1.2636249884963036,14.878549429086632
307559.847698291,2.0050840103067458,1.3112909509800375,15.585513607486362
307559.882093541,2.068250032607466,1.2695830082520843,15.516366811899132
307559.915562458,1.991500030271709,1.3106249971315265,15.171421595982238
307559.949928833,2.061958017293364,1.277291972655803,14.809238978794738
307559.984183416,1.8984159687533975,1.260792021639645,14.438437660971942
307560.018095,2.2127909469418228,5.736042046919465,14.076255043784442
307560.052458125,1.2597499880939722,1.2117910082452,13.714072426596942
307560.085840833,1.6035420121625066,1.2285829870961607,13.40360201322126
307560.120198375,1.5497079584747553,1.2387500028125942,13.14484380365738
307560.154570666,1.564042002428323,1.1997499968856573,12.832648308722625
307560.188176916,1.6944580129347742,1.415250007994473,12.546308915693785
307560.2220745,1.6522079822607338,1.229959016200155,12.35650031121233
307560.256433,1.9197500078007579,1.2460830039344728,12.183929108001479
307560.2898905,1.8133330158889294,1.2483340105973184,12.028595306061234
307560.324245833,1.6727919573895633,1.2705830158665776,11.881880204756285
307560.358152458,2.042874984908849,1.2379999971017241,11.847208211710267
307560.392514125,2.066624991130084,1.2359590036794543,11.881913740556428
307560.4262565,2.034457982517779,1.2819169787690043,12.080374581473322
307560.460370625,2.0767090027220547,1.2558329617604613,12.511540339543373
307560.493773083,2.1626250236295164,1.2757089571096003,13.123698810954778
307560.52821725,2.119167009368539,1.3059579650871456,13.761713384272085
307560.561782333,2.0464580156840384,1.2724999687634408,14.408346658224701
307560.596155083,2.0247919601388276,1.2739580124616623,15.07221733344791
307560.629806291,2.1048749913461506,1.2686250265687704,15.684375804859314
307560.664172958,1.9843329791910946,1.2720419908873737,16.003498454670435
307560.69855825,1.5170000260695815,1.2109589879401028,16.107153588599004
307560.732920708,1.6460840124636889,1.23291602358222,16.107153588599004
307560.767303333,2.134166017640382,1.313249988015741,16.107153588599004
307560.800697333,1.8475839751772583,1.2620000052265823,16.107153588599004
307560.834576375,1.938958012033254,1.2648749980144203,16.012150691105873
307560.868679,1.8285419791936874,1.333167019765824,15.658586774553669
307560.9030375,2.9980840045027435,1.22991600073874,15.21021715101314
307560.937387166,1.2909170472994447,1.202707993797958,14.675660521119596
307560.971748916,1.219417026732117,1.2343749986030161,14.080772986778939
307561.006103166,1.2148339883424342,1.220541016664356,13.416935847355859
307561.039815375,1.2711670133285224,1.2193750008009374,12.701386504120975
307561.074157583,1.273833040613681,1.263874990399927,11.94274365770957
307561.108515625,1.290332991629839,1.2772079790011048,11.141007308121658
307561.1428725,1.3564580003730953,1.250250032171607,10.32203355726314
307561.177240583,1.4715000288560987,1.2458330020308495,9.47720370449872
307561.211193083,1.9373749964870512,1.2497080024331808,8.830603966346246
307561.245550333,1.5997079899534583,1.3407919905148447,8.830603966346246
307561.279971416,1.5107080107554793,1.3039589975960553,9.149726616157366
307561.314337,1.913416024763137,1.2909999932162464,10.149726616157366
307561.348230708,1.7898749792948365,1.260375021956861,11.149726616157366
307561.382624458,1.7396669718436897,1.2655830360017717,12.149726616157366
307561.416990083,2.046916983090341,1.2518329895101488,13.149726616157366
307561.451426791,1.9131249864585698,1.2569579994305968,14.149726616157366
307561.485804083,2.0581670105457306,1.2542919721454382,15.149726616157366
307561.520158166,1.9014579593203962,1.2722500250674784,16.149726616157366
307561.553886083,2.111584006343037,1.241541001945734,17.149726616157366
307561.588246916,1.8523340113461018,1.2750409659929574,17.692307692307693
307561.622615708,2.2711249766871333,1.2486249906942248,17.692307692307693
307561.656114541,1.8730000010691583,1.2749580200761557,17.692307692307693
307561.69036825,1.9588330178521574,1.2866249890066683,17.692307692307693
307561.724732125,2.4388330057263374,1.2540420284494758,17.692307692307693
307561.759101625,1.8676250474527478,1.2637089821510017,17.692307692307693
307561.7934655,2.332833013497293,1.2721670209430158,17.692307692307693
307561.826991708,2.255665953271091,1.3765840558335185,17.692307692307693
307561.861348458,1.3368750223889947,1.1981669813394547,17.692307692307693
307561.895723916,2.016582991927862,1.2749169836752117,17.692307692307693
307561.930091916,2.2321660071611404,1.2696250341832638,17.692307692307693
307561.964465333,2.10041698301211,1.270083012059331,17.692307692307693
307561.99820725,2.1312079625204206,1.7147090402431786,17.692307692307693
307562.032574208,2.1000419510528445,1.29875005222857,17.692307692307693
307562.066475541,1.9678749958984554,1.2546249781735241,17.692307692307693
307562.100853416,2.1103749750182033,1.302792050410062,17.692307692307693
307562.135236458,2.173084008973092,1.2562909978441894,17.692307692307693
307562.168714458,2.1987080108374357,1.2867499608546495,17.692307692307693
307562.203098458,2.0893330220133066,1.2662080116569996,17.692307692307693
307562.23662075,2.2721250425092876,1.2709579896181822,17.692307692307693
307562.271000375,2.1049589850008488,1.257083029486239,17.692307692307693
307562.30537625,2.291291020810604,1.2605839874595404,17.692307692307693
307562.339057458,2.178542024921626,1.2937919818796217,29.607464607464614
307562.373015583,2.2436250001192093,1.233500021044165,29.350064350064358
307562.406873791,2.1189579856581986,1.2495830305851996,28.127413127413128
307562.441040708,2.1694169845432043,1.2501660385169089,25.93951093951094
307562.47542425,2.1795420325361192,1.2493329704739153,23.622908622908632
307562.509816791,2.117500000167638,1.2829580227844417,21.177606177606187
307562.54421,2.1695419563911855,1.2751250178553164,18.861003861003866
307562.578582458,2.260292007122189,1.3318749843165278,17.692307692307693
307562.612972875,2.299124957062304,1.2663750094361603,17.692307692307693
307562.646979625,2.234750019852072,1.2886659824289382,17.692307692307693
307562.681374,2.3580000270158052,1.287833962123841,17.692307692307693
307562.715765291,2.2990829893387854,1.294792047701776,17.692307692307693
307562.74977425,2.1655000164173543,1.3002499472349882,17.692307692307693
307562.783574916,2.0213749958202243,1.2638330226764083,17.692307692307693
307562.817963208,2.1205840166658163,1.2694579781964421,17.692307692307693
307562.852331791,2.1967499633319676,1.2843750300817192,17.692307692307693
307562.886716875,2.4372920161113143,1.2604579678736627,17.692307692307693
307562.9210965,2.13425001129508,1.2548749800771475,17.692307692307693
307562.955483,2.1435830276459455,1.2555840075947344,17.692307692307693
307562.989864041,2.63316702330485,1.2941669556312263,17.692307692307693
307563.023746958,2.2643329575657845,1.2650840217247605,17.692307692307693
307563.057192875,1.4464170089922845,1.2750410242006183,17.692307692307693
307563.091550958,1.382333051878959,1.2698339996859431,17.692307692307693
307563.12590125,1.287791004870087,1.2775000068359077,17.692307692307693
307563.160249625,1.1730000260286033,1.2117919977754354,17.692307692307693
307563.194607208,1.1672080145217478,1.2488329666666687,17.692307692307693
307563.228958625,1.1994590167887509,1.2224999954923987,17.692307692307693
307563.263318708,1.234291004948318,1.2518750154413283,17.692307692307693
307563.297433708,1.2344169663265347,1.2507910141721368,17.692307692307693
307563.331229625,1.2885000323876739,1.2697919737547636,17.692307692307693
307563.365574083,1.3124169781804085,1.2837500544264913,17.692307692307693
307563.399941,1.7071249894797802,1.2462919694371521,17.692307692307693
307563.434306291,1.8280419753864408,1.2569159734994173,17.692307692307693
307563.468672291,1.7709580133669078,1.266457955352962,17.692307692307693
307563.503038208,2.0108750322833657,1.2709579896181822,17.692307692307693
307563.537409458,2.2307499893940985,1.2612499995157123,17.692307692307693
